seed,epoch,loss_data,loss_physics,loss_total,physics_warmup,learning_rate
21,1,0.40752924541416374,0.0008091605009885035,0.4083578717449437,0.3333333333333333,0.005147653199564829
21,2,0.35900787416359653,0.0004985087076657573,0.36002887970079545,0.6666666666666666,0.00510539285117684
21,3,0.31955247388585756,0.00032075318332792214,0.32053788301089536,1.0,0.005035473584903477
21,4,0.31196853680455167,0.00026698018171017517,0.3127887478017289,1.0,0.004938661450857576
21,5,0.3092060549751572,0.00011294681667491007,0.3095530482413976,1.0,0.0048160171430389875
21,6,0.3074970229488352,0.0001472379006115617,0.3079493639909703,1.0,0.004668884378149142
21,7,0.28548257694296214,0.00011709914912463991,0.2858423261862734,1.0,0.004498875173549684
21,8,0.2935608988546807,0.00011599424936459558,0.29391725549231407,1.0,0.004307852185662917
21,9,0.2856151643006698,0.0001820586743954901,0.2861744803578957,1.0,0.00409790830231826
21,10,0.2897964522890423,0.0001497653925960786,0.29025655829388164,1.0,0.0038713437126352184
21,11,0.2980196811258793,0.00017226504369516435,0.29854891037811404,1.0,0.003630640705670049
21,12,0.2707335673920486,0.00011206936087151205,0.27107786448753396,1.0,0.003378436473937403
21,13,0.2704942604769831,0.00012019102049358163,0.27086350830352823,1.0,0.0031174942197772725
21,14,0.26120845063225084,0.00010194355290482434,0.2615216404847477,1.0,0.0028506728811319142
21,15,0.25478175940073056,0.0001983374716414603,0.25539108786893927,1.0,0.0025808958084234802
21,16,0.2480268336508585,0.00010915321403365891,0.24836217129360075,1.0,0.0023111187357150453
21,17,0.2385019273861595,0.00011844187813197925,0.23886580255044543,1.0,0.0020442973970696858
21,18,0.23881566126061524,0.00013074749656326554,0.2392173413997111,1.0,0.0017833551429095559
21,19,0.21999677756558295,8.315218011652495e-05,0.2202522358816603,1.0,0.00153115091117691
21,20,0.21609562039375305,0.000129682286372016,0.21649402767095877,1.0,0.0012904479042117403
21,21,0.21681153366099234,8.98390618678367e-05,0.21708753500943598,1.0,0.0010638833145286985
21,22,0.2113199840583231,0.00011095383845753057,0.21166085417827835,1.0,0.000853939431184042
21,23,0.19609282115555327,6.635106214082992e-05,0.19629666322599287,1.0,0.0006629164432972749
21,24,0.19784298924648244,0.00010646509148816973,0.19817006864949413,1.0,0.0004929072386978163
21,25,0.1926476282917935,5.820832549706329e-05,0.1928264547139406,1.0,0.00034577447380797037
21,26,0.1865473916673142,4.1548416538716994e-05,0.18667503588873408,1.0,0.00022313016598938135
21,27,0.18118422862304293,4.1677121043903756e-05,0.18131226850268634,1.0,0.00012631803194348114
21,28,0.18425190879598907,4.252289853985017e-05,0.18438254661210204,1.0,5.6398765670117225e-05
21,29,0.1813442051248706,5.083755654398018e-05,0.18150038706219715,1.0,1.413841728212843e-05
21,30,0.17820701351308305,4.135507994721158e-05,0.17833406359929105,1.0,0.0
42,1,0.41237833963140197,0.0006357122748370429,0.41302934606438096,0.3333333333333333,0.005147653199564829
42,2,0.3527834971313891,0.00021960717087653314,0.3532332797413287,0.6666666666666666,0.00510539285117684
42,3,0.3326535546261331,0.00019906341288768327,0.3332651145108368,1.0,0.005035473584903477
42,4,0.3186504672726859,0.00016516097448797867,0.31915787202508555,1.0,0.004938661450857576
42,5,0.30110329379853995,0.00013724657223381496,0.301524939711975,1.0,0.0048160171430389875
42,6,0.3045805601646071,0.0001654059940313385,0.3050887166481951,1.0,0.004668884378149142
42,7,0.29064298498889674,0.0001086371782884785,0.2909767377635707,1.0,0.004498875173549684
42,8,0.3102841482538244,0.00016363735183048172,0.31078687167685964,1.0,0.004307852185662917
42,9,0.2941572636041952,0.00013422460414126954,0.29456962499281636,1.0,0.00409790830231826
42,10,0.2830763034198595,0.00010326379390236348,0.2833935484290123,1.0,0.0038713437126352184
42,11,0.2818083830177784,0.00010485673918320453,0.2821305209851783,1.0,0.003630640705670049
42,12,0.27130017811837404,8.978473257308866e-05,0.27157601296253825,1.0,0.003378436473937403
42,13,0.2529722520838613,0.00010943322498386134,0.25330845101372057,1.0,0.0031174942197772725
42,14,0.2596884831462217,7.421257024243064e-05,0.25991647790955463,1.0,0.0028506728811319142
42,15,0.2529417230707148,8.372842788483704e-05,0.25319895138559134,1.0,0.0025808958084234802
42,16,0.24148690180610055,6.180119996671514e-05,0.24167676674930946,1.0,0.0023111187357150453
42,17,0.23649847402196864,7.591112068795433e-05,0.2367316873015269,1.0,0.0020442973970696858
42,18,0.2428254349400168,9.723322282297885e-05,0.24312415288194367,1.0,0.0017833551429095559
42,19,0.22440965468792812,6.047910322630069e-05,0.2245954573640357,1.0,0.00153115091117691
42,20,0.2261942358120628,8.977245380937466e-05,0.22647003306318883,1.0,0.0012904479042117403
42,21,0.21776044692682184,6.394732044218867e-05,0.2179569051641485,1.0,0.0010638833145286985
42,22,0.20989194888135662,5.1769350450384714e-05,0.21005099388244358,1.0,0.000853939431184042
42,23,0.20166147498656875,4.429189265979601e-05,0.20179754868149757,1.0,0.0006629164432972749
42,24,0.1953891141097183,5.558388365502849e-05,0.1955598782909953,1.0,0.0004929072386978163
42,25,0.19028532816016155,4.536614836900338e-05,0.19042470157146454,1.0,0.00034577447380797037
42,26,0.19194189525492814,4.6776557863505215e-05,0.19208560085490994,1.0,0.00022313016598938135
42,27,0.18767116461759029,4.510818492670533e-05,0.18780974447727203,1.0,0.00012631803194348114
42,28,0.17594112677742604,4.066451058109954e-05,0.17606605503546155,1.0,5.6398765670117225e-05
42,29,0.17680767813454504,4.4314576608366736e-05,0.17694381977552953,1.0,1.413841728212843e-05
42,30,0.1785647909116486,4.715491259444009e-05,0.17870965962824614,1.0,0.0
63,1,0.4198450504761675,0.0007570041234549021,0.4206202668664248,0.3333333333333333,0.005147653199564829
63,2,0.348909896482592,0.00021068499895393513,0.3493414050211077,0.6666666666666666,0.00510539285117684
63,3,0.3259084296615227,0.00026485479130048154,0.3267221111966216,1.0,0.005035473584903477
63,4,0.32874933319247285,0.0003198756150575956,0.3297320475720841,1.0,0.004938661450857576
63,5,0.30772812810281047,0.00016745130707496845,0.30824256840607395,1.0,0.0048160171430389875
63,6,0.30676839931503586,0.00017185539320606672,0.3072963696783004,1.0,0.004668884378149142
63,7,0.30059017202128535,0.0005590701000385153,0.30230773340748707,1.0,0.004498875173549684
63,8,0.29813233273832696,0.00014615008453999865,0.29858133349081745,1.0,0.004307852185662917
63,9,0.2887526247812354,0.00010337101913414106,0.2890701984905678,1.0,0.00409790830231826
63,10,0.2747036835097748,0.00010083104580585116,0.27501345412886663,1.0,0.0038713437126352184
63,11,0.27569759815283446,0.00010912652691252373,0.2760328536124333,1.0,0.003630640705670049
63,12,0.2675733157798,9.694460791845062e-05,0.26787114715122656,1.0,0.003378436473937403
63,13,0.2620907564526019,0.00011347069276266468,0.2624393577808919,1.0,0.0031174942197772725
63,14,0.2521858179050943,0.00010008427931572204,0.25249329447422336,1.0,0.0028506728811319142
63,15,0.25557642488375953,8.423536213266071e-05,0.25583521043476853,1.0,0.0025808958084234802
63,16,0.2483315756463486,0.00012902676441982572,0.24872796908020972,1.0,0.0023111187357150453
63,17,0.23839865033717259,6.674768242389648e-05,0.23860371014022308,1.0,0.0020442973970696858
63,18,0.23662946689064088,8.959437677533613e-05,0.23690471597339796,1.0,0.0017833551429095559
63,19,0.22647870341720788,8.810606341878314e-05,0.22674938150398108,1.0,0.00153115091117691
63,20,0.22581968631433405,9.276165473554852e-05,0.22610466660040876,1.0,0.0012904479042117403
63,21,0.22043082503520925,6.52004720865554e-05,0.22063113240444143,1.0,0.0010638833145286985
63,22,0.20813313123324642,8.177543487244807e-05,0.20838436009767264,1.0,0.000853939431184042
63,23,0.2123958510387203,6.387848760546742e-05,0.21259209651338018,1.0,0.0006629164432972749
63,24,0.20061077694206134,9.734210580854383e-05,0.20090982790874398,1.0,0.0004929072386978163
63,25,0.19457870278021563,4.991584794523711e-05,0.19473205361029375,1.0,0.00034577447380797037
63,26,0.18506183702012766,5.6784372847450075e-05,0.1852362881536069,1.0,0.00022313016598938135
63,27,0.18953369627504246,3.682384424040641e-05,0.1896468260689922,1.0,0.00012631803194348114
63,28,0.18202832009157408,4.7662384009606244e-05,0.18217474742104178,1.0,5.6398765670117225e-05
63,29,0.18031873649553112,5.1039257762212125e-05,0.18047553843454175,1.0,1.413841728212843e-05
63,30,0.17978686181747394,4.380388821553662e-05,0.17992143512743972,1.0,0.0
84,1,0.4060414083302021,0.0005932431302861243,0.4066489237158195,0.3333333333333333,0.005147653199564829
84,2,0.34193718880414964,0.00023633150670755878,0.3424212251020514,0.6666666666666666,0.00510539285117684
84,3,0.32932582973786023,0.00017469519543342557,0.3298625246662161,1.0,0.005035473584903477
84,4,0.3328988357730534,0.00016249376743001883,0.33339804618254953,1.0,0.004938661450857576
84,5,0.30070771024278975,0.0001218295445576824,0.3010819927505825,1.0,0.0048160171430389875
84,6,0.30627962146764215,0.00011290602544408024,0.30662648979088536,1.0,0.004668884378149142
84,7,0.3178047405636829,0.00021455522024038857,0.3184638913882815,1.0,0.004498875173549684
84,8,0.3353831437942774,0.00021970372827126994,0.33605811161839444,1.0,0.004307852185662917
84,9,0.2919436695459096,0.00014980742718525227,0.29240390515845754,1.0,0.00409790830231826
84,10,0.29020092338323594,0.00010274623554046823,0.2905165793131227,1.0,0.0038713437126352184
84,11,0.2790897832940454,0.00012557215864628392,0.2794755631814832,1.0,0.003630640705670049
84,12,0.2791495439151059,0.0001255061935017179,0.2795351226044738,1.0,0.003378436473937403
84,13,0.270153918263057,0.0001365624464854235,0.27057346269164395,1.0,0.0031174942197772725
84,14,0.25522573276058486,0.00012195810382447393,0.25560040909634985,1.0,0.0028506728811319142
84,15,0.24640347913879415,0.00010854299366853766,0.24673694281474404,1.0,0.0025808958084234802
84,16,0.24778382501200488,0.00011390321719575339,0.24813375560485798,1.0,0.0023111187357150453
84,17,0.23891700425225756,7.761133533874627e-05,0.23915544056698032,1.0,0.0020442973970696858
84,18,0.22850744957509248,0.00012796616586495908,0.22890058404401592,1.0,0.0017833551429095559
84,19,0.22501077017058496,9.00338769457923e-05,0.22528737035134563,1.0,0.00153115091117691
84,20,0.21661224154674488,9.010680861810334e-05,0.21688906537449879,1.0,0.0012904479042117403
84,21,0.21273177680761918,0.00010508228460426124,0.21305460827830044,1.0,0.0010638833145286985
84,22,0.20702987060598704,6.735208039374455e-05,0.20723678838947546,1.0,0.000853939431184042
84,23,0.19983398987223272,8.1653185260739e-05,0.20008484295204929,1.0,0.0006629164432972749
84,24,0.1890368918199902,6.95536301305844e-05,0.1892505728194247,1.0,0.0004929072386978163
84,25,0.19143773101918074,7.902380689104219e-05,0.19168050614712032,1.0,0.00034577447380797037
84,26,0.1871167051727357,8.181515270774505e-05,0.18736805616189603,1.0,0.00022313016598938135
84,27,0.18423275400115097,4.14922333695121e-05,0.1843602258550084,1.0,0.00012631803194348114
84,28,0.1804112405070792,3.559576811233495e-05,0.180520596889698,1.0,5.6398765670117225e-05
84,29,0.17925912169334682,5.1363866006558175e-05,0.1794169207467981,1.0,1.413841728212843e-05
84,30,0.1763025328193022,4.331308752981662e-05,0.1764355975324693,1.0,0.0
105,1,0.4076213063429231,0.0006772551047027303,0.40831485445732657,0.3333333333333333,0.005147653199564829
105,2,0.3609358276685943,0.0003285812163401557,0.3616088004215904,0.6666666666666666,0.00510539285117684
105,3,0.32670960672523663,0.00015953264796537595,0.327199719392735,1.0,0.005035473584903477
105,4,0.3247479405740033,0.00014281446460106804,0.32518669046137644,1.0,0.004938661450857576
105,5,0.32298831687025403,0.0003171727990399592,0.3239627271242764,1.0,0.0048160171430389875
105,6,0.29429868783639823,0.00011726591876199762,0.2946589494528978,1.0,0.004668884378149142
105,7,0.29089042223666023,0.00010608447731931886,0.2912163320442905,1.0,0.004498875173549684
105,8,0.2883414593727692,0.00013119410878457331,0.2887445112609345,1.0,0.004307852185662917
105,9,0.2854667082104994,9.007209008932873e-05,0.28574342481468035,1.0,0.00409790830231826
105,10,0.2893326535497023,0.00013090623664064206,0.2897348206652247,1.0,0.0038713437126352184
105,11,0.2763317216511654,9.148958109543183e-05,0.276612793540825,1.0,0.003630640705670049
105,12,0.26352472855992937,9.647708705454969e-05,0.2638211224390113,1.0,0.003378436473937403
105,13,0.26073108960105024,9.177702671798255e-05,0.2610130446112674,1.0,0.0031174942197772725
105,14,0.25138023978342183,8.508214248689435e-05,0.25164162710956905,1.0,0.0028506728811319142
105,15,0.24658052334966868,7.023147238966055e-05,0.24679628641385098,1.0,0.0025808958084234802
105,16,0.24485377432859462,0.00010742630753631365,0.2451838066396506,1.0,0.0023111187357150453
105,17,0.24339174939238506,0.00010734076638626626,0.2437215201880621,1.0,0.0020442973970696858
105,18,0.23041358395763065,9.622205704110219e-05,0.2307091944243597,1.0,0.0017833551429095559
105,19,0.22248142215868702,8.64663714428784e-05,0.22274706321566,1.0,0.00153115091117691
105,20,0.22524410003553266,7.94880332764676e-05,0.22548830198205036,1.0,0.0012904479042117403
105,21,0.2116247954737881,8.119416223685814e-05,0.21187423995655516,1.0,0.0010638833145286985
105,22,0.20326307362512402,9.39058201528615e-05,0.20355156791274961,1.0,0.000853939431184042
105,23,0.19377473191074704,9.746453657973452e-05,0.19407415974723255,1.0,0.0006629164432972749
105,24,0.19638750454329926,7.140179111403362e-05,0.19660686338725297,1.0,0.0004929072386978163
105,25,0.19015854585753836,6.320452424441338e-05,0.19035272149612073,1.0,0.00034577447380797037
105,26,0.1807418233188598,7.238562198124229e-05,0.18096420428027277,1.0,0.00022313016598938135
105,27,0.18496545493278815,5.566723116514723e-05,0.18513647413448148,1.0,0.00012631803194348114
105,28,0.18435536852997284,5.20799112643505e-05,0.1845153672053762,1.0,5.6398765670117225e-05
105,29,0.17801406747944978,4.4194871240862363e-05,0.17814984070542067,1.0,1.413841728212843e-05
105,30,0.1807406477144231,4.913274161758043e-05,0.18089159190978693,1.0,0.0
126,1,0.40492057450439617,0.0006895698796775516,0.40562673538275384,0.3333333333333333,0.005147653199564829
126,2,0.3491110630009485,0.0002602790788090636,0.3496441446244717,0.6666666666666666,0.00510539285117684
126,3,0.33709542255686675,0.00036041234487366517,0.33820267394185066,1.0,0.005035473584903477
126,4,0.329655478052471,0.000126713817790796,0.3300447656084662,1.0,0.004938661450857576
126,5,0.31148384440204374,0.00012254146450568047,0.3118603132017281,1.0,0.0048160171430389875
126,6,0.3013584216003833,0.00019243034006372593,0.3019496023330999,1.0,0.004668884378149142
126,7,0.2965726159836935,0.00012595320735193168,0.29695956752352093,1.0,0.004498875173549684
126,8,0.2963536273526109,0.00011698460100927585,0.2967130240538846,1.0,0.004307852185662917
126,9,0.2794770349626956,9.787351500167659e-05,0.2797777188698883,1.0,0.00409790830231826
126,10,0.28841726825289105,0.0002067211295554997,0.289052352114864,1.0,0.0038713437126352184
126,11,0.2816074901300928,9.045500448297863e-05,0.28188538369925126,1.0,0.003630640705670049
126,12,0.27278949602142627,7.093341976186544e-05,0.27300741607728213,1.0,0.003378436473937403
126,13,0.26748323966951476,9.201214980234711e-05,0.2677659164952195,1.0,0.0031174942197772725
126,14,0.2576286383621071,9.218494201575041e-05,0.2579118460740732,1.0,0.0028506728811319142
126,15,0.26543341381070407,8.590274513588394e-05,0.265697322089387,1.0,0.0025808958084234802
126,16,0.24383020399381286,0.00011224119500737921,0.24417502825026927,1.0,0.0023111187357150453
126,17,0.23076401284855344,9.684502160978255e-05,0.2310615385680095,1.0,0.0020442973970696858
126,18,0.23605678366578142,7.49496484569017e-05,0.23628704272534537,1.0,0.0017833551429095559
126,19,0.22263081209815067,0.00010090331005536111,0.2229408040156831,1.0,0.00153115091117691
126,20,0.21874700418632964,0.00011691148341054466,0.21910617690047493,1.0,0.0012904479042117403
126,21,0.21000971833001011,0.0001572630411631152,0.21049285832306613,1.0,0.0010638833145286985
126,22,0.20259482264518738,8.177559778667511e-05,0.20284605118567528,1.0,0.000853939431184042
126,23,0.20174786488970983,0.00010081869576147848,0.20205759789956654,1.0,0.0006629164432972749
126,24,0.19095441677972028,4.5045287772708156e-05,0.1910928037179553,1.0,0.0004929072386978163
126,25,0.19184261061575103,9.273565897867387e-05,0.19212751062991826,1.0,0.00034577447380797037
126,26,0.18415191320945387,5.0920953301259865e-05,0.18430835185167582,1.0,0.00022313016598938135
126,27,0.18123298598372417,8.545330164570655e-05,0.18149551399376082,1.0,0.00012631803194348114
126,28,0.18049734780645887,6.10772175723864e-05,0.18068498764996943,1.0,5.6398765670117225e-05
126,29,0.18170055529993515,4.952731184027431e-05,0.18185271131603614,1.0,1.413841728212843e-05
126,30,0.1818373720607032,3.778311555557277e-05,0.1819534483973099,1.0,0.0
147,1,0.4131957520933255,0.0006827803691719411,0.41389495898847994,0.3333333333333333,0.005147653199564829
147,2,0.353020116492458,0.0003115348480763635,0.3536581771205301,0.6666666666666666,0.00510539285117684
147,3,0.3400981350437455,0.00033211194501854666,0.3411184420728165,1.0,0.005035473584903477
147,4,0.3156250812113285,0.00020974137935651094,0.31626944308695587,1.0,0.004938661450857576
147,5,0.30645115288055463,0.00015353396562283665,0.30692283660173414,1.0,0.0048160171430389875
147,6,0.30844376767459125,0.0001570621073290607,0.3089262904356355,1.0,0.004668884378149142
147,7,0.30246040501996224,0.00016644156387329807,0.30297174356553863,1.0,0.004498875173549684
147,8,0.2947169937517332,0.00014178809682483047,0.2951525916871817,1.0,0.004307852185662917
147,9,0.28307451288337293,0.00010720208323935209,0.2834038557241792,1.0,0.00409790830231826
147,10,0.28313202546990435,0.00011958616937392988,0.28349941628782643,1.0,0.0038713437126352184
147,11,0.2691422600137151,0.00010427788692259523,0.2694626203049784,1.0,0.003630640705670049
147,12,0.26567374629818874,0.0001346134637890867,0.26608730358598026,1.0,0.003378436473937403
147,13,0.26447449854534605,0.00012061063849298237,0.2648450374279333,1.0,0.0031174942197772725
147,14,0.25980119760269704,0.00012249934588117354,0.260177537896063,1.0,0.0028506728811319142
147,15,0.2455808527605689,0.00010155272129850346,0.2458928407534309,1.0,0.0025808958084234802
147,16,0.2408605116540971,0.0001289939490640751,0.24125680390583432,1.0,0.0023111187357150453
147,17,0.23170448170731897,0.00014227876055646568,0.23214158697620682,1.0,0.0020442973970696858
147,18,0.23228075582048166,0.00011165861785190392,0.23262379001016203,1.0,0.0017833551429095559
147,19,0.22125760710433773,0.00010218194460242597,0.22157152832850166,1.0,0.00153115091117691
147,20,0.22039173394441605,8.659217663317459e-05,0.22065775886825892,1.0,0.0012904479042117403
147,21,0.20840983544678793,0.00012906084393762284,0.208806332881036,1.0,0.0010638833145286985
147,22,0.2028247104390808,7.187080916438667e-05,0.20304551046827565,1.0,0.000853939431184042
147,23,0.2002712791380675,0.00012827727519913385,0.2006653694678908,1.0,0.0006629164432972749
147,24,0.1915094058474769,6.214494450946602e-05,0.19170032639218412,1.0,0.0004929072386978163
147,25,0.18671766234480816,9.087111665512961e-05,0.186996834255431,1.0,0.00034577447380797037
147,26,0.18291443484308928,9.43600877176125e-05,0.18320432642231818,1.0,0.00022313016598938135
147,27,0.1775017367594916,5.237212294362152e-05,0.17766263340802296,1.0,0.00012631803194348114
147,28,0.17822138469504273,7.491989914421498e-05,0.17845155240400978,1.0,5.6398765670117225e-05
147,29,0.17335339284137538,5.874957830952632e-05,0.17353388147185678,1.0,1.413841728212843e-05
147,30,0.172760809034757,5.2220684499290024e-05,0.17292123997341033,1.0,0.0
168,1,0.4034490653678127,0.0005460238412287372,0.4040082244445448,0.3333333333333333,0.005147653199564829
168,2,0.35680237817375554,0.00023365908528316851,0.3572809379385865,0.6666666666666666,0.00510539285117684
168,3,0.3351431011505749,0.00019695711528722472,0.3357481873553732,1.0,0.005035473584903477
168,4,0.32353332855779193,0.0001876189492735569,0.3241097269822722,1.0,0.004938661450857576
168,5,0.3207500982543697,0.00015418546557295642,0.32122378310431604,1.0,0.0048160171430389875
168,6,0.30891137696478677,0.00011241279163265932,0.3092567298723304,1.0,0.004668884378149142
168,7,0.29613331617868466,0.0001155529472745674,0.29648831674586174,1.0,0.004498875173549684
168,8,0.30005575139885365,0.00023292956531270688,0.3007713525191597,1.0,0.004307852185662917
168,9,0.2914835444611052,0.00012830572243373076,0.29187772264299183,1.0,0.00409790830231826
168,10,0.28665908860123673,0.00012224197988199074,0.28703463751336805,1.0,0.0038713437126352184
168,11,0.2826425256936447,0.00012118918447531937,0.28301484082704004,1.0,0.003630640705670049
168,12,0.283358144922101,0.00011034106068030309,0.2836971321183702,1.0,0.003378436473937403
168,13,0.26743335791903994,7.570310260392865e-05,0.2676659311613311,1.0,0.0031174942197772725
168,14,0.25956995503410046,9.591658531067167e-05,0.2598646286065164,1.0,0.0028506728811319142
168,15,0.2583969941281754,7.207334916608449e-05,0.2586184147259463,1.0,0.0025808958084234802
168,16,0.2445388038845166,0.00010600100813462632,0.2448644578618848,1.0,0.0023111187357150453
168,17,0.2579175287452729,8.588831844621303e-05,0.2581813918831556,1.0,0.0020442973970696858
168,18,0.2504967846624229,8.023790196207499e-05,0.25074328940523705,1.0,0.0017833551429095559
168,19,0.23028297809802967,6.276539896371895e-05,0.23047580531109935,1.0,0.00153115091117691
168,20,0.22939355541830478,6.351176040840548e-05,0.22958867501305497,1.0,0.0012904479042117403
168,21,0.2134334184067405,5.5021498045117253e-05,0.2136024537941684,1.0,0.0010638833145286985
168,22,0.2095198511591424,4.978294579379271e-05,0.20967279368120692,1.0,0.000853939431184042
168,23,0.20897079356338666,6.110264088736427e-05,0.20915851141123668,1.0,0.0006629164432972749
168,24,0.20439230485454848,6.698890182356674e-05,0.20459810752907526,1.0,0.0004929072386978163
168,25,0.20325537079378314,4.86516566841443e-05,0.2034048373284547,1.0,0.00034577447380797037
168,26,0.19240487044596155,4.0796552188428744e-05,0.19253020432332288,1.0,0.00022313016598938135
168,27,0.1874928381132043,4.6681066424239165e-05,0.1876362504032643,1.0,0.00012631803194348114
168,28,0.18972204554340114,4.047262150972687e-05,0.1898463842013608,1.0,5.6398765670117225e-05
168,29,0.18978062767697418,3.249073330231983e-05,0.1898804447249226,1.0,1.413841728212843e-05
168,30,0.18933698002087032,3.498596552558213e-05,0.18944446323034556,1.0,0.0
189,1,0.39970139559844264,0.00069281864344584,0.40041088361455046,0.3333333333333333,0.005147653199564829
189,2,0.34325117423482565,0.00024181625499493194,0.3437464409872242,0.6666666666666666,0.00510539285117684
189,3,0.33337169960141183,0.000296136779920546,0.3342814845883328,1.0,0.005035473584903477
189,4,0.32282907175629033,0.000226852265203216,0.3235260018511959,1.0,0.004938661450857576
189,5,0.3136620983157469,0.0002888266495297696,0.31454942547108816,1.0,0.0048160171430389875
189,6,0.2962144956316637,0.00014803469043924808,0.29666928448106933,1.0,0.004668884378149142
189,7,0.3173642046749592,0.0033075346880017923,0.32752553864341716,1.0,0.004498875173549684
189,8,0.3093800689539184,0.00017778110372012674,0.30992624348272446,1.0,0.004307852185662917
189,9,0.29165012642093324,0.00015180625525871343,0.29211650231610176,1.0,0.00409790830231826
189,10,0.2845630125831003,0.00013017025608148643,0.2849629184798054,1.0,0.0038713437126352184
189,11,0.2813907444153143,0.00014072799484616237,0.2818230865766173,1.0,0.003630640705670049
189,12,0.27208944282130054,0.00011720282213307496,0.27244951036637244,1.0,0.003378436473937403
189,13,0.27412296002325803,0.00014886098899059226,0.2745802878361681,1.0,0.0031174942197772725
189,14,0.25849375562823335,0.00015187936169240855,0.2589603561098161,1.0,0.0028506728811319142
189,15,0.25661891731231107,0.00011690717057876021,0.2569780776358169,1.0,0.0025808958084234802
189,16,0.25377828755780407,8.659431799495233e-05,0.2540443204019381,1.0,0.0023111187357150453
189,17,0.24078168000863945,0.00013303684665278643,0.24119039317188057,1.0,0.0020442973970696858
189,18,0.23006834577283133,9.978613367781256e-05,0.23037490588815315,1.0,0.0017833551429095559
189,19,0.230919824556812,0.0001050552425627045,0.23124257337463938,1.0,0.00153115091117691
189,20,0.22415757302356804,0.00010119110809129147,0.22446845041021057,1.0,0.0012904479042117403
189,21,0.21499909560965455,8.265559388193018e-05,0.21525302880808064,1.0,0.0010638833145286985
189,22,0.2088827277979125,9.247411184649377e-05,0.20916682559510935,1.0,0.000853939431184042
189,23,0.20117422588493514,8.727700452531597e-05,0.20144235614849174,1.0,0.0006629164432972749
189,24,0.19742345105370748,6.301070452536805e-05,0.19761703142329404,1.0,0.0004929072386978163
189,25,0.1927289341778859,9.603837457372878e-05,0.19302398092720818,1.0,0.00034577447380797037
189,26,0.19388686382900114,0.00010506685133726063,0.1942096472920283,1.0,0.00022313016598938135
189,27,0.18372236120959987,8.960175671982933e-05,0.183997634296184,1.0,0.00012631803194348114
189,28,0.18209131341427565,8.69183841132326e-05,0.18235834267638298,1.0,5.6398765670117225e-05
189,29,0.18314836292487124,5.579029427241514e-05,0.18331975998437922,1.0,1.413841728212843e-05
189,30,0.17643933378807877,6.217762434655172e-05,0.1766303549480179,1.0,0.0
210,1,0.41311629498782365,0.0007021404471545437,0.4138353305990281,0.3333333333333333,0.005147653199564829
210,2,0.3425182740325513,0.00027257026359897595,0.34307652980737063,0.6666666666666666,0.00510539285117684
210,3,0.321020072730987,0.0001560911586832093,0.32149961214998496,1.0,0.005035473584903477
210,4,0.3852546407476715,0.0010911022782246615,0.3886067000420197,1.0,0.004938661450857576
210,5,0.32697994336485864,0.0003032211534900853,0.32791149233994277,1.0,0.0048160171430389875
210,6,0.29996714974227157,0.0001492890327337749,0.3004257926798385,1.0,0.004668884378149142
210,7,0.29859073544326037,0.00019500890409349466,0.2991898366614528,1.0,0.004498875173549684
210,8,0.286166777688524,0.0001274128068238813,0.2865582125666349,1.0,0.004307852185662917
210,9,0.2816461601982946,0.0001259978083888437,0.2820332472091136,1.0,0.00409790830231826
210,10,0.2821723010229028,0.00012361372157655473,0.28255206307639247,1.0,0.0038713437126352184
210,11,0.2748561845039544,9.616694351477591e-05,0.27515162605306376,1.0,0.003630640705670049
210,12,0.2675944167634715,0.0001166281696540587,0.26795271928219694,1.0,0.003378436473937403
210,13,0.25962295295751614,0.00010838416303712343,0.25995592907395054,1.0,0.0031174942197772725
210,14,0.2532544058950051,0.00010313873184634798,0.2535712664218053,1.0,0.0028506728811319142
210,15,0.2500660545800043,0.00012448776947562493,0.2504485025677992,1.0,0.0025808958084234802
210,16,0.2419631042882152,9.814143834813402e-05,0.24226461201906205,1.0,0.0023111187357150453
210,17,0.2315860643658949,8.851284376799847e-05,0.23185799163968668,1.0,0.0020442973970696858
210,18,0.2263427310663721,0.00011987301718561313,0.22671100195983182,1.0,0.0017833551429095559
210,19,0.2247705675985502,0.00010871667147274939,0.2251045645741017,1.0,0.00153115091117691
210,20,0.21072445856812208,7.555158101398696e-05,0.21095656684559325,1.0,0.0012904479042117403
210,21,0.21092873314476532,8.588968062015381e-05,0.2111926012551007,1.0,0.0010638833145286985
210,22,0.20432279268684594,5.001669078805919e-05,0.20447645239208057,1.0,0.000853939431184042
210,23,0.1964706048855315,6.948848109143158e-05,0.196684085836877,1.0,0.0006629164432972749
210,24,0.19103814344043318,0.00010871020615171722,0.1913721207205368,1.0,0.0004929072386978163
210,25,0.18555367924273014,7.730580184769402e-05,0.18579117658993471,1.0,0.00034577447380797037
210,26,0.18929613417257432,4.827172330766663e-05,0.18944443282873735,1.0,0.00022313016598938135
210,27,0.17637499347329139,5.1806964509761086e-05,0.17653415389358998,1.0,0.00012631803194348114
210,28,0.1780476585516463,4.28515937528573e-05,0.17817930621297462,1.0,5.6398765670117225e-05
210,29,0.1750068787323392,5.5354529009175324e-05,0.1751769372464522,1.0,1.413841728212843e-05
210,30,0.17415418406219585,5.029890980158993e-05,0.17430871156570704,1.0,0.0
