candidate_id,seed,test_blocks,annual_penalty,overall_penalty,x_mean_gap,density_levels,operating_levels,score,test_rows,test_fraction,marginal_coverage,knn_coverage,threshold,failing_marginal_rows,failing_knn_rows,status,rejection_reason,blocks
0,42,46,0.00771226355881,0.0076606865761,0.100618831549,4,4,0.162059055106,7628,0.207660686576,1,0.991478762454,1.43226392073,0,65,REJECTED,,
1,1051,45,0.00664252050689,0.00580949010427,0.0961669621392,4,4,0.145141974181,7560,0.205809490104,1,0.997883597884,1.43588262948,0,16,REJECTED,,
2,2060,45,0.00642583578317,0.00559170228405,0.113908366251,4,4,0.161144385021,7552,0.205591702284,1,0.993511652542,1.44405072285,0,49,REJECTED,,
3,3069,45,0.00664252050689,0.00580949010427,0.0839503808378,4,4,0.13292539288,7560,0.205809490104,1,0.994576719577,1.43675377039,0,41,REJECTED,,
4,4078,45,0.00664252050689,0.00580949010427,0.121658434035,4,4,0.170633446077,7560,0.205809490104,1,0.993121693122,1.42507283409,0,52,REJECTED,,
5,5087,45,0.00664252050689,0.00580949010427,0.0821583010789,4,4,0.131133313121,7560,0.205809490104,1,0.985978835979,1.4223047059,0,106,REJECTED,,
6,6096,45,0.00458174525509,0.00379495276727,0.0972277778324,4,4,0.129947777434,7486,0.203794952767,1,0.991317125301,1.43803480333,0,65,REJECTED,,
7,7105,45,0.00664252050689,0.00580949010427,0.164228084859,4,4,0.213203096901,7560,0.205809490104,1,0.998148148148,1.43501777829,0,14,REJECTED,,
8,8114,45,0.00664252050689,0.00580949010427,0.13041689954,4,4,0.179391911582,7560,0.205809490104,1,0.991137566138,1.4275961561,0,67,REJECTED,,
9,9123,46,0.00771226355881,0.0076606865761,0.105981110975,4,4,0.167421334532,7628,0.207660686576,1,0.996984792868,1.45557543607,0,23,REJECTED,,
10,10132,46,0.00771226355881,0.0076606865761,0.120335631927,4,4,0.181775855484,7628,0.207660686576,1,0.995149449397,1.45589616003,0,37,REJECTED,,
11,11141,45,0.00642583578317,0.00559170228405,0.058168434119,4,4,0.105404452889,7552,0.205591702284,1,0.992717161017,1.46050898041,0,55,REJECTED,,
12,12150,46,0.00771226355881,0.0076606865761,0.1553449721,4,4,0.216785195657,7628,0.207660686576,1,0.996984792868,1.43204272059,0,23,REJECTED,,
13,13159,46,0.00715527182251,0.00632673617728,0.113637980233,4,4,0.166737476587,7579,0.206326736177,1,0.993270880063,1.4409935365,0,51,REJECTED,,
14,14168,45,0.00642583578317,0.00559170228405,0.0958936131245,4,4,0.143129631894,7552,0.205591702284,1,0.989406779661,1.42746392724,0,80,REJECTED,,
15,15177,46,0.00749557883508,0.00744289875589,0.0500931993698,4,4,0.109794429654,7620,0.207442898756,1,0.99094488189,1.44514215263,0,69,REJECTED,,
16,16186,45,0.00479842997881,0.00401274058748,0.0477931456658,4,4,0.0822521385397,7494,0.204012740587,1,0.993194555645,1.4715289513,0,51,REJECTED,,
17,17195,46,0.00771226355881,0.0076606865761,0.109976798587,4,4,0.171417022144,7628,0.207660686576,1,0.992789722077,1.44450880519,0,55,REJECTED,,
18,18204,45,0.00664252050689,0.00580949010427,0.117562198952,4,4,0.166537210994,7560,0.205809490104,1,0.992328042328,1.4247294746,0,58,REJECTED,,
19,19213,46,0.00771226355881,0.0076606865761,0.106575859211,4,4,0.168016082768,7628,0.207660686576,1,0.997509176717,1.44010610182,0,19,REJECTED,,
20,20222,45,0.0046290976881,0.00384939972232,0.0928760762633,4,4,0.126010367939,7488,0.203849399722,1,0.996260683761,1.44657726175,0,28,REJECTED,,
21,21231,45,0.00664252050689,0.00580949010427,0.155339631566,4,4,0.204314643608,7560,0.205809490104,1,0.995899470899,1.44088008896,0,31,REJECTED,,
22,22240,45,0.00664252050689,0.00580949010427,0.0972409669173,4,4,0.146215978959,7560,0.205809490104,1,0.989417989418,1.43681349247,0,80,REJECTED,,
23,23249,45,0.00664252050689,0.00580949010427,0.105666130186,4,4,0.154641142228,7560,0.205809490104,1,0.996825396825,1.44577927507,0,24,REJECTED,,
24,24258,45,0.00664252050689,0.00580949010427,0.0275693252814,4,4,0.0765443373234,7560,0.205809490104,1,0.99126984127,1.46818704498,0,66,REJECTED,,
25,25267,45,0.00642583578317,0.00559170228405,0.104208524021,4,4,0.151444542791,7552,0.205591702284,1,0.992055084746,1.43609150244,0,60,REJECTED,,
26,26276,45,0.00664252050689,0.00580949010427,0.167701890588,4,4,0.21667690263,7560,0.205809490104,1,0.997751322751,1.43572214426,0,17,REJECTED,,
27,27285,45,0.00642583578317,0.00559170228405,0.0799647616319,4,4,0.127200780402,7552,0.205591702284,1,0.997219279661,1.44808915033,0,21,REJECTED,,
28,28294,45,0.00664252050689,0.00580949010427,0.119355907008,4,4,0.16833091905,7560,0.205809490104,1,0.997751322751,1.43324146245,0,17,REJECTED,,
29,29303,45,0.00664252050689,0.00580949010427,0.101327089983,4,4,0.150302102025,7560,0.205809490104,1,0.993121693122,1.43503103809,0,52,REJECTED,,
30,30312,46,0.00771226355881,0.0076606865761,0.0705989950373,4,4,0.132039218594,7628,0.207660686576,1,0.992789722077,1.43205086405,0,55,REJECTED,,
31,31321,45,0.00664252050689,0.00580949010427,0.141174519579,4,4,0.190149531621,7560,0.205809490104,1,0.994708994709,1.43685078493,0,40,REJECTED,,
32,32330,45,0.00664252050689,0.00580949010427,0.0889146456943,4,4,0.137889657736,7560,0.205809490104,1,0.995634920635,1.44318695056,0,33,REJECTED,,
33,33339,45,0.00664252050689,0.00580949010427,0.0677653831048,4,4,0.116740395147,7560,0.205809490104,1,0.99246031746,1.42487074286,0,57,REJECTED,,
34,34348,46,0.00771226355881,0.0076606865761,0.0801682941171,4,4,0.141608517674,7628,0.207660686576,1,0.986890403776,1.44552907763,0,100,REJECTED,,
35,35357,45,0.00664252050689,0.00580949010427,0.11855298296,4,4,0.167527995002,7560,0.205809490104,1,0.99537037037,1.45237820909,0,35,REJECTED,,
36,36366,45,0.00664252050689,0.00580949010427,0.101728051863,4,4,0.150703063905,7560,0.205809490104,1,0.989153439153,1.41526525963,0,82,REJECTED,,
37,37375,45,0.00664252050689,0.00580949010427,0.124365840325,4,4,0.173340852367,7560,0.205809490104,1,0.996560846561,1.43683916869,0,26,REJECTED,,
38,38384,46,0.00715527182251,0.00632673617728,0.131836011384,4,4,0.184935507738,7579,0.206326736177,1,0.996173637683,1.42734275023,0,29,REJECTED,,
39,39393,46,0.00771226355881,0.0076606865761,0.128892380901,4,4,0.190332604458,7628,0.207660686576,1,0.992920818039,1.43991034421,0,54,REJECTED,,
40,40402,45,0.00441241296437,0.0036316119021,0.110651255049,4,4,0.142046553453,7480,0.203631611902,1,0.995989304813,1.44820970167,0,30,REJECTED,,
41,41411,46,0.00771226355881,0.0076606865761,0.121201297902,4,4,0.182641521459,7628,0.207660686576,1,0.996329313057,1.42967380757,0,28,REJECTED,,
42,42420,45,0.00664252050689,0.00580949010427,0.170840915899,4,4,0.219815927941,7560,0.205809490104,1,0.995238095238,1.44453683315,0,36,REJECTED,,
43,43429,45,0.00664252050689,0.00580949010427,0.097664797443,4,4,0.146639809485,7560,0.205809490104,1,0.997486772487,1.43041345536,0,19,REJECTED,,
44,44438,45,0.00664252050689,0.00580949010427,0.121603695594,4,4,0.170578707636,7560,0.205809490104,1,0.992989417989,1.44523195569,0,53,REJECTED,,
45,45447,45,0.00664252050689,0.00580949010427,0.144785495467,4,4,0.193760507509,7560,0.205809490104,1,0.984920634921,1.42319834178,0,114,REJECTED,,
46,46456,45,0.00664252050689,0.00580949010427,0.146768815985,4,4,0.195743828027,7560,0.205809490104,1,0.997222222222,1.45493213426,0,21,REJECTED,,
47,47465,46,0.00771226355881,0.0076606865761,0.196613954197,4,4,0.258054177754,7628,0.207660686576,1,0.997378080755,1.43043192057,0,20,REJECTED,,
48,48474,46,0.00771226355881,0.0076606865761,0.0983011003979,4,4,0.159741323955,7628,0.207660686576,1,0.996067121133,1.45757578472,0,30,REJECTED,,
49,49483,46,0.00715527182251,0.00632673617728,0.0979757540339,4,4,0.151075250388,7579,0.206326736177,1,0.996173637683,1.44718478726,0,29,REJECTED,,
50,50492,46,0.00771226355881,0.0076606865761,0.0391867313052,4,4,0.100626954862,7628,0.207660686576,1,0.991872050341,1.44475127942,0,62,REJECTED,,
51,51501,45,0.00664252050689,0.00580949010427,0.168474444507,4,4,0.217449456549,7560,0.205809490104,1,0.996693121693,1.43253693043,0,25,REJECTED,,
52,52510,45,0.00664252050689,0.00580949010427,0.125030285258,4,4,0.1740052973,7560,0.205809490104,1,0.997486772487,1.43525564867,0,19,REJECTED,,
53,53519,45,0.00664252050689,0.00580949010427,0.134563415148,4,4,0.18353842719,7560,0.205809490104,1,0.997883597884,1.43794753758,0,16,REJECTED,,
54,54528,45,0.00479842997881,0.00401274058748,0.0776959011474,4,4,0.112154894021,7494,0.204012740587,1,0.99826527889,1.4383300383,0,13,REJECTED,,
55,55537,45,0.00664252050689,0.00580949010427,0.129252551491,4,4,0.178227563533,7560,0.205809490104,1,0.987698412698,1.42355480006,0,93,REJECTED,,
56,56546,45,0.00664252050689,0.00580949010427,0.133291324712,4,4,0.182266336754,7560,0.205809490104,1,0.998677248677,1.44216338424,0,10,REJECTED,,
57,57555,46,0.00771226355881,0.0076606865761,0.0977219689407,4,4,0.159162192498,7628,0.207660686576,1,0.986103828002,1.43382528585,0,106,REJECTED,,
58,58564,46,0.00771226355881,0.0076606865761,0.138758801395,4,4,0.200199024952,7628,0.207660686576,1,0.996198217095,1.44662262539,0,29,REJECTED,,
59,59573,46,0.00569884074002,0.00570059619416,0.0799267664974,4,4,0.125526269688,7556,0.205700596194,1,0.993250397035,1.45008033616,0,51,REJECTED,,
60,60582,45,0.00664252050689,0.00580949010427,0.145976934075,4,4,0.194951946117,7560,0.205809490104,1,0.995238095238,1.43725574815,0,36,REJECTED,,
61,61591,45,0.00664252050689,0.00580949010427,0.129763412191,4,4,0.178738424233,7560,0.205809490104,1,0.997486772487,1.42722559041,0,19,REJECTED,,
62,62600,45,0.00664252050689,0.00580949010427,0.141163878451,4,4,0.190138890493,7560,0.205809490104,1,0.996428571429,1.43158651836,0,27,REJECTED,,
63,63609,45,0.00664252050689,0.00580949010427,0.158597180021,4,4,0.207572192063,7560,0.205809490104,1,0.994973544974,1.42391983347,0,38,REJECTED,,
64,64618,45,0.00664252050689,0.00580949010427,0.12119936992,4,4,0.170174381962,7560,0.205809490104,1,0.990476190476,1.46461503489,0,72,REJECTED,,
65,65627,45,0.00664252050689,0.00580949010427,0.104966352128,4,4,0.15394136417,7560,0.205809490104,1,0.996560846561,1.44767523002,0,26,REJECTED,,
66,66636,45,0.00664252050689,0.00580949010427,0.127725739433,4,4,0.176700751475,7560,0.205809490104,1,0.99537037037,1.42457257762,0,35,REJECTED,,
67,67645,46,0.00749557883508,0.00744289875589,0.0685508493202,4,4,0.128252079605,7620,0.207442898756,1,0.992257217848,1.44571297049,0,59,REJECTED,,
68,68654,45,0.00664252050689,0.00580949010427,0.144456241802,4,4,0.193431253844,7560,0.205809490104,1,0.998941798942,1.43647193922,0,8,REJECTED,,
69,69663,45,0.00664252050689,0.00580949010427,0.09219601488,4,4,0.141171026922,7560,0.205809490104,1,0.992857142857,1.45137647758,0,54,REJECTED,,
70,70672,45,0.00664252050689,0.00580949010427,0.191431504558,4,4,0.2404065166,7560,0.205809490104,1,0.99828042328,1.43089560265,0,13,REJECTED,,
71,71681,45,0.00664252050689,0.00580949010427,0.0994656468731,4,4,0.148440658915,7560,0.205809490104,1,0.995634920635,1.43624866802,0,33,REJECTED,,
72,72690,45,0.00664252050689,0.00580949010427,0.112882450559,4,4,0.161857462601,7560,0.205809490104,1,0.996296296296,1.42116294105,0,28,REJECTED,,
73,73699,45,0.00664252050689,0.00580949010427,0.0896625247807,4,4,0.138637536823,7560,0.205809490104,1,0.992724867725,1.43873944591,0,55,REJECTED,,
74,74708,45,0.00664252050689,0.00580949010427,0.14724545235,4,4,0.196220464392,7560,0.205809490104,1,0.990740740741,1.43123248979,0,70,REJECTED,,
75,75717,46,0.00771226355881,0.0076606865761,0.118995245396,4,4,0.180435468953,7628,0.207660686576,1,0.996198217095,1.45505511448,0,29,REJECTED,,
76,76726,45,0.00664252050689,0.00580949010427,0.164800953479,4,4,0.213775965521,7560,0.205809490104,1,0.994576719577,1.44058365828,0,41,REJECTED,,
77,77735,45,0.00664252050689,0.00580949010427,0.19799987976,4,4,0.246974891802,7560,0.205809490104,1,0.994973544974,1.43761906849,0,38,REJECTED,,
78,78744,45,0.00642583578317,0.00559170228405,0.111562015643,4,4,0.158798034412,7552,0.205591702284,1,0.997086864407,1.43589139161,0,22,REJECTED,,
79,79753,45,0.00642583578317,0.00559170228405,0.152871657888,4,4,0.200107676658,7552,0.205591702284,1,0.998675847458,1.43218114299,0,10,REJECTED,,
repair_1,,,,,,,,,,,,,,,,PROMOTE_TO_DEV,MARGINAL_OR_KNN_GATE,Y2011_B0018;Y2011_B0036;Y2012_B0016;Y2012_B0017;Y2013_B0008;Y2014_B0010;Y2015_B0040
repair_2,,,,,,,,,,,,,,,,REPLACEMENT_TO_TEST,FEASIBLE_DENSE_BLOCK,Y2011_B0030
repair_3,,,,,,,,,,,,,,,,REPLACEMENT_TO_TEST,FEASIBLE_DENSE_BLOCK,Y2012_B0022
repair_4,,,,,,,,,,,,,,,,REPLACEMENT_TO_TEST,FEASIBLE_DENSE_BLOCK,Y2012_B0019
