trial_number,candidate_id,fold,seed,N_train,N_validation,best_iteration,effective_trees,nodes,leaves,model_ubj_bytes,elapsed_seconds,R2,RMSE,MAE,bias,negative_prediction_pct,tail_threshold,tail_RMSE,tail_MAE,tail_bias
0,OPTUNA_0000,0,42,25813,4032,59,60,224608,112334,7677252,4.2418192,0.7410510137,5.4040053434,3.6326915274,1.4089317843,0.0,74.5625,6.7142545882,4.6969377334,-2.811899762
0,OPTUNA_0000,3,42,26466,3379,25,26,126960,63493,4334815,3.3656512,0.7595421037,5.5387675046,3.8595067094,0.1904759128,0.0,77.4434,10.9934084892,8.1747736869,-6.2881036339
0,OPTUNA_0000,1,42,27493,2352,95,96,329000,164548,11250305,5.1918442,0.7516158296,5.0590242833,3.6550433638,-0.6730795848,0.0,79.2517,9.112059722,6.8099590444,-5.4758837968
0,OPTUNA_0000,2,42,26989,2856,32,33,148493,74263,5071549,3.6479021,0.7949472361,4.8635396034,3.3833774832,0.555614336,0.0,74.4405,7.743070275,5.8924948485,-4.2652918477
0,OPTUNA_0000,4,42,27061,2784,22,23,118149,59086,4033263,3.3165137,0.6735219114,5.9824456755,4.0492657825,-0.5701570181,0.0,79.3608,12.754190416,10.067362028,-9.1335723586
1,OPTUNA_0001,0,42,25813,4032,500,501,846587,423544,29115473,7.5678275,0.7672585275,5.1232500264,3.3165142685,1.4443856914,0.0,74.5625,6.3611810356,4.4152816717,-2.3900455445
1,OPTUNA_0001,3,42,26466,3379,377,378,852886,426632,29248672,7.3110219,0.7903380946,5.1719388101,3.4819666348,0.2191887914,0.0,77.4434,10.6429662266,7.3832588344,-5.8904977831
1,OPTUNA_0001,1,42,27493,2352,335,336,857034,428685,29362008,7.6207419,0.7978831721,4.5635839447,3.1650563669,-0.6209961185,0.0,79.2517,8.4423682923,5.6523581176,-4.4828634644
1,OPTUNA_0001,2,42,26989,2856,537,538,867338,433938,29845364,7.9034914,0.8274406257,4.4615824332,3.0492770971,0.6298690331,0.0,74.4405,7.070841081,5.3011196402,-3.6018392725
1,OPTUNA_0001,4,42,27061,2784,299,300,839590,419945,28745143,7.5173439001,0.7088907771,5.6491060335,3.6816716169,-0.7204026764,0.0,79.3608,12.6095345052,9.8906767464,-8.9578442956
2,OPTUNA_0002,0,42,25813,4032,241,242,282468,141355,9764582,4.4901048,0.7770392574,5.0144448958,3.290022349,1.5073047489,0.0,74.5625,5.9563559238,4.2498670817,-2.2065832316
2,OPTUNA_0002,3,42,26466,3379,909,910,958148,479529,33178905,12.5244417,0.7956185701,5.1063941112,3.4424139257,0.1746067225,0.0,77.4434,10.4260645071,7.2197385318,-5.6031591763
2,OPTUNA_0002,1,42,27493,2352,290,291,342665,171478,11843653,5.1227965,0.8074075694,4.4547610499,3.0958231622,-0.6527814688,0.0,79.2517,8.5255401164,6.0780884534,-4.2533822684
2,OPTUNA_0002,2,42,26989,2856,446,447,484247,242347,16760462,6.8910374,0.8400685678,4.2952313028,2.9431538357,0.6565733058,0.0,74.4405,6.6534662308,5.0093524065,-3.0483067988
2,OPTUNA_0002,4,42,27061,2784,649,650,690132,345391,23894623,9.4911862,0.7080237341,5.6575124598,3.6420834482,-0.781973096,0.0,79.3608,13.0448966117,10.1794008853,-9.1478766803
3,OPTUNA_0003,0,42,25813,4032,1971,1972,26988,14480,2217800,3.9332055,0.7741406954,5.0469343497,3.4093099239,1.6227485898,0.0,74.5625,6.018754968,4.2123013309,-1.7302322585
3,OPTUNA_0003,3,42,26466,3379,1297,1298,17618,9458,1455072,2.646844,0.7755308329,5.3514560311,3.6429458759,-0.0684590001,0.0,77.4434,11.1651412598,8.1073617171,-6.602598224
3,OPTUNA_0003,1,42,27493,2352,742,743,9955,5349,828821,1.5664982,0.7875176838,4.6791417573,3.2804509752,-1.1748599293,0.0,79.2517,8.7719877092,6.4012888802,-4.6414220351
3,OPTUNA_0003,2,42,26989,2856,766,767,10341,5554,857779,1.5990543,0.8245449568,4.4988609554,3.1343659762,0.5230852437,0.0,74.4405,7.0232486863,5.437861196,-3.6070078938
3,OPTUNA_0003,4,42,27061,2784,1216,1217,16475,8846,1362846,2.4037377,0.6768218363,5.9521346666,3.9923364265,-0.7563469971,0.0,79.3608,13.1090264714,10.4444092535,-9.4992531352
4,OPTUNA_0004,0,42,25813,4032,3998,3999,598313,301156,22982065,19.7742075,0.7801662671,4.9791571032,3.319664043,1.5025005511,0.0,74.5625,5.858264843,4.1582540652,-1.8766203124
4,OPTUNA_0004,3,42,26466,3379,3992,3993,598471,301232,22983464,20.1958443,0.7809510202,5.2864512459,3.5357535347,0.1140671472,0.0,77.4434,11.0851749698,7.7476889598,-6.0495261693
4,OPTUNA_0004,1,42,27493,2352,2798,2799,458439,230619,17434671,14.6172911,0.7948788652,4.5973758691,3.1734997179,-0.8240632395,0.0,79.2517,8.8286116531,6.3073200076,-4.5290398898
4,OPTUNA_0004,2,42,26989,2856,3998,3999,619041,311520,23686894,19.9351835,0.8385160427,4.3160288063,2.9446118921,0.6216245708,0.0,74.4405,6.7814054097,5.1748730072,-3.1562217834
4,OPTUNA_0004,4,42,27061,2784,3965,3966,613100,308533,23463143,20.375448,0.7004932763,5.7300054129,3.7931296762,-0.7494896238,0.0,79.3608,12.8885717178,10.2105952251,-9.2896822949
5,OPTUNA_0005,0,42,25813,4032,2095,2096,166158,84127,7031862,7.636427,0.7792321045,4.9897251159,3.3535235024,1.5199739442,0.0,74.5625,5.8910180962,4.1911250539,-1.9575200892
5,OPTUNA_0005,3,42,26466,3379,2305,2306,179988,91147,7640465,8.2397489,0.7805382715,5.2914294692,3.551068829,0.0896347462,0.0,77.4434,11.0556101801,7.740699017,-6.0272314194
5,OPTUNA_0005,1,42,27493,2352,2194,2195,179913,91054,7564819,7.9143396,0.7959023255,4.5858921295,3.1773524032,-0.8366636014,0.0,79.2517,8.7413451138,6.3422500909,-4.4052075266
5,OPTUNA_0005,2,42,26989,2856,2099,2100,169088,85594,7134116,7.6560815,0.8369195114,4.3373118114,2.9569830509,0.6014428321,0.0,74.4405,6.9153483801,5.2907676144,-3.3231169762
5,OPTUNA_0005,4,42,27061,2784,3469,3470,269398,136434,11447622,12.21805,0.7042490631,5.6939652008,3.7662095496,-0.7466896922,0.0,79.3608,12.785632361,10.1426446445,-9.0789803628
6,OPTUNA_0006,0,42,25813,4032,588,589,45069,22829,1921347,2.0018556,0.7722071526,5.0684912814,3.3362776645,1.4433560117,0.0,74.5625,6.074297195,4.2098936689,-1.9527101147
6,OPTUNA_0006,3,42,26466,3379,288,289,23281,11785,982843,1.1343695,0.7851645953,5.2353598862,3.534767412,-0.0152285598,0.0,77.4434,11.0408968505,7.8573671833,-6.273866326
7,OPTUNA_0007,0,42,25813,4032,142,143,284685,142414,9774590,4.3802718,0.726074287,5.558083443,3.7560684131,1.6377860062,0.0,74.5625,7.3247328502,4.9284025215,-3.1706859672
7,OPTUNA_0007,3,42,26466,3379,182,183,367247,183715,12608145,5.0072367,0.7665881624,5.4570138093,3.8791518044,0.3508439784,0.0,77.4434,10.7984823444,8.052779179,-6.5919152433
8,OPTUNA_0008,0,42,25813,4032,3990,3991,7117241,3560616,244624951,52.938543,0.7721028192,5.0696518811,3.3284974673,1.4900574883,0.0,74.5625,6.3755329558,4.3355884591,-2.6952103255
8,OPTUNA_0008,3,42,26466,3379,3260,3261,6108835,3056048,209856658,45.4497699,0.7949894541,5.1142471866,3.4783883454,0.3466246703,0.0,77.4434,10.4609392642,7.3622129829,-6.1375479612
9,OPTUNA_0009,0,42,25813,4032,3998,3999,141395,72697,7443562,10.9429494,0.7733822755,5.0554008762,3.4824638654,1.6309602923,0.0,74.5625,6.4612148604,4.6195910782,-2.4996295881
9,OPTUNA_0009,3,42,26466,3379,3998,3999,143451,73725,7513467,10.7960839,0.7671646056,5.4502712138,3.6496355476,0.0254429861,0.0,77.4434,11.753423699,8.3118561454,-6.8265138884
10,OPTUNA_0010,0,42,25813,4032,1868,1869,2699651,1350760,93024156,29.7553372,0.7774291158,5.0100589701,3.3138869387,1.5002128142,0.0,74.5625,5.9532638384,4.23227247,-2.0179999804
10,OPTUNA_0010,3,42,26466,3379,3423,3424,5714798,2859111,196566979,60.0053585,0.7884644127,5.1949973956,3.5000765897,0.1034089011,0.0,77.4434,10.8947649563,7.7079112999,-6.1159343943
10,OPTUNA_0010,1,42,27493,2352,2204,2205,3386469,1694337,116598073,36.7537443,0.8029750423,4.5057327447,3.1368945481,-0.7755722919,0.0,79.2517,8.5828222063,6.0489838755,-4.3401838458
10,OPTUNA_0010,2,42,26989,2856,2392,2393,3759303,1880848,129398702,40.4564652,0.8455502933,4.2209789542,2.906360592,0.5903629236,0.0,74.4405,6.6466214555,5.1199869222,-2.9829371994
10,OPTUNA_0010,4,42,27061,2784,3159,3160,5285502,2644331,181796451,55.9283378,0.7024035818,5.7117027009,3.746781146,-0.7272265189,0.0,79.3608,12.9412690642,10.1289448542,-9.0939431505
11,OPTUNA_0011,0,42,25813,4032,449,450,267688,134069,9399035,3.392386,0.7732085314,5.0573384506,3.2808057437,1.4636894692,0.0,74.5625,6.1368044629,4.275838993,-2.257088832
11,OPTUNA_0011,3,42,26466,3379,758,759,269995,135377,9680808,3.6719143,0.7897938811,5.1786467881,3.4940126699,0.1711058882,0.0,77.4434,10.6217066022,7.4750924702,-6.0254121135
12,OPTUNA_0012,0,42,25813,4032,151,152,52604,26378,1889643,1.7475129,0.7721116882,5.0695532327,3.354628056,1.5082316976,0.0,74.5625,5.9001637289,4.2283150053,-2.0315231011
12,OPTUNA_0012,3,42,26466,3379,378,379,119101,59740,4300363,3.268469,0.7823455908,5.2695963387,3.5593667518,0.1265713523,0.0,77.4434,10.6590574864,7.4354978593,-5.7003651115
13,OPTUNA_0013,0,42,25813,4032,2208,2209,3636619,1819414,125105841,37.1611954,0.7748023997,5.0395358762,3.2771691585,1.4256945177,0.0,74.5625,6.1337779777,4.263180279,-2.0548470005
13,OPTUNA_0013,3,42,26466,3379,1520,1521,2516355,1258938,86562107,26.2167311,0.7941519243,5.1246831595,3.4529934619,0.1608854957,0.0,77.4434,10.6442160036,7.5056870687,-5.8176424487
14,OPTUNA_0014,0,42,25813,4032,1157,1158,2889540,1445349,99010570,27.3446556,0.7711253835,5.0805119465,3.2951143901,1.4345370882,0.0,74.5625,6.156121141,4.2829556884,-2.3052088302
14,OPTUNA_0014,3,42,26466,3379,813,814,2255516,1128165,77226370,22.1701632,0.7922613495,5.1481627383,3.4656927493,0.2048906388,0.0,77.4434,10.593618473,7.3484638383,-5.9366121234
15,OPTUNA_0015,0,42,25813,4032,1070,1071,1310037,655554,45249508,15.5160228,0.774779907,5.0397875445,3.2923601384,1.4459959657,0.0,74.5625,6.2055619164,4.3360134541,-2.3602157261
15,OPTUNA_0015,3,42,26466,3379,2389,2390,1946190,974290,67749158,25.3368712,0.7963335874,5.0974540638,3.4472083078,0.1612279876,0.0,77.4434,10.4689499653,7.2847135055,-5.8963278594
16,OPTUNA_0016,0,42,25813,4032,117,118,102872,51495,3576374,2.0397067,0.7757505775,5.0289153895,3.3178479576,1.4777554113,0.0,74.5625,6.0925182499,4.3593203735,-2.2136885868
16,OPTUNA_0016,3,42,26466,3379,338,339,234703,117521,8204477,3.6957204,0.7929315879,5.1398511317,3.5032917852,0.1307777035,0.0,77.4434,10.4021901719,7.2716210333,-5.5808747984
17,OPTUNA_0017,0,42,25813,4032,1196,1197,402235,201716,14466801,7.8178953,0.7808608279,4.9712851005,3.294900998,1.4666660126,0.0,74.5625,5.9180683765,4.1852561534,-1.8656944906
17,OPTUNA_0017,3,42,26466,3379,1499,1500,528438,264969,18957683,9.7582723,0.7907690388,5.166620812,3.4797677432,0.1067152411,0.0,77.4434,10.7465992502,7.6124561965,-5.9586564576
17,OPTUNA_0017,1,42,27493,2352,1265,1266,436510,218888,15677692,8.268693,0.7993064354,4.5474876685,3.1695740522,-0.7883697092,0.0,79.2517,8.6633568683,6.0910190197,-4.3848290421
17,OPTUNA_0017,2,42,26989,2856,1375,1376,484484,242930,17381407,8.9871962,0.8426555722,4.2603504653,2.9327528487,0.5901328397,0.0,74.4405,6.5945291281,5.0165660292,-2.9000697971
17,OPTUNA_0017,4,42,27061,2784,1546,1547,553685,277616,19847101,10.0269189,0.7071696778,5.6657807788,3.7404662622,-0.68658064,0.0,79.3608,12.7343165862,10.0144855985,-8.9186046788
18,OPTUNA_0018,0,42,25813,4032,1086,1087,688909,344998,24141356,10.0716942,0.7760739042,5.0252886928,3.2698144024,1.4496918879,0.0,74.5625,6.0462570422,4.2584575152,-2.0817635044
18,OPTUNA_0018,3,42,26466,3379,1977,1978,1061772,531875,37406763,16.5784620999,0.7963028259,5.0978390056,3.4457777265,0.1324337021,0.0,77.4434,10.3700375974,7.2129045019,-5.6352883625
19,OPTUNA_0019,0,42,25813,4032,1028,1029,518719,259874,18316378,7.2689535,0.7769837071,5.0150695283,3.2716266802,1.4316332606,0.0,74.5625,6.2105414267,4.3735086352,-2.0913689121
19,OPTUNA_0019,3,42,26466,3379,1817,1818,805536,403677,28588899,11.6210118,0.7991097768,5.0625930034,3.4337685183,0.1487493971,0.0,77.4434,10.2665165245,7.1925760334,-5.5731672928
19,OPTUNA_0019,1,42,27493,2352,528,529,332197,166363,11644632,4.3956671,0.8028017035,4.5077143371,3.1612048682,-0.6411283909,0.0,79.2517,8.4121912534,5.8435889202,-4.2979489562
19,OPTUNA_0019,2,42,26989,2856,2132,2133,938993,470563,33334335,13.4276601,0.8410782182,4.2816518959,2.9335586499,0.585406005,0.0,74.4405,6.605065587,4.9356632097,-3.1095207123
19,OPTUNA_0019,4,42,27061,2784,836,837,456397,228617,16070709,6.1222608,0.7070388844,5.6670459554,3.6723661515,-0.8035869419,0.0,79.3608,12.897073065,10.1032842184,-9.1088242982
20,OPTUNA_0020,0,42,25813,4032,1019,1020,162034,81527,6182930,4.6638722999,0.7768808243,5.0162261804,3.3010193869,1.4628143217,0.0,74.5625,5.9587505517,4.2320450249,-1.8652650162
20,OPTUNA_0020,3,42,26466,3379,1638,1639,242251,121945,9318674,7.1876709,0.7943868887,5.1217575497,3.4596482457,0.1297329653,0.0,77.4434,10.3937711727,7.2660178841,-5.5155365056
21,OPTUNA_0021,0,42,25813,4032,195,196,222950,111573,7710541,3.1329223,0.7717421579,5.0736618129,3.2788714263,1.3989832061,0.0,74.5625,6.1758273791,4.287512935,-2.0979818031
21,OPTUNA_0021,3,42,26466,3379,289,290,300722,150506,10416861,3.983114,0.793516255,5.1325897005,3.491188463,0.1705335335,0.0,77.4434,10.3894060488,7.2621949947,-5.6055245708
22,OPTUNA_0022,0,42,25813,4032,3233,3234,722070,362652,26685577,14.2241736,0.7785023132,4.9979655653,3.3020231858,1.477921538,0.0,74.5625,5.9523410053,4.2115672925,-1.8595063435
22,OPTUNA_0022,3,42,26466,3379,3379,3380,747202,375291,27636417,14.5674219,0.7974723184,5.0831837543,3.4163379672,0.0969026544,0.0,77.4434,10.4872580587,7.4126240084,-5.8040898338
22,OPTUNA_0022,1,42,27493,2352,1984,1985,436291,219138,16144763,8.752621,0.8056699913,4.4748114608,3.1063883276,-0.8072960864,0.0,79.2517,8.6493103116,6.1875651883,-4.3443008093
22,OPTUNA_0022,2,42,26989,2856,3544,3545,801717,402631,29598844,15.8499497,0.8459379624,4.2156782935,2.8695197442,0.6185244547,0.0,74.4405,6.5262146969,4.8913041491,-2.7220317936
22,OPTUNA_0022,4,42,27061,2784,3404,3405,760883,382144,28118078,15.5732903,0.7042423421,5.6940298988,3.7489968891,-0.7196461742,0.0,79.3608,12.8435540766,10.1322860244,-9.0063818063
23,OPTUNA_0023,0,42,25813,4032,552,553,727729,364141,25108967,9.4960785,0.7784616337,4.9984244989,3.2333052397,1.4176061022,0.0,74.5625,6.0744900609,4.2374197108,-2.0842899199
23,OPTUNA_0023,3,42,26466,3379,813,814,1037480,519147,35812920,13.1188422,0.7970203083,5.0888530283,3.4342395353,0.1548040961,0.0,77.4434,10.3731806794,7.1610894339,-5.5262749461
23,OPTUNA_0023,1,42,27493,2352,245,246,401984,201115,13830826,5.4909795,0.8074680793,4.4540611827,3.0862116575,-0.6042542832,0.0,79.2517,8.3421233215,5.7910226995,-4.1003961783
23,OPTUNA_0023,2,42,26989,2856,429,430,596460,298445,20564552,7.7286181,0.8387610947,4.3127527755,2.9585795247,0.6416963203,0.0,74.4405,6.6990040844,5.0054651126,-3.0746552862
23,OPTUNA_0023,4,42,27061,2784,207,208,366742,183475,12607497,5.1576534,0.7090756555,5.6473119242,3.6645463728,-0.7903635158,0.0,79.3608,12.9092488488,10.2153230271,-9.3053577201
24,OPTUNA_0024,0,42,25813,4032,117,118,124508,62313,4312010,2.3891779,0.7754901857,5.0318342566,3.2869333202,1.4534197053,0.0,74.5625,6.0154669525,4.2226182637,-2.0592747309
24,OPTUNA_0024,3,42,26466,3379,290,291,247559,123925,8609920,3.9025711,0.791794174,5.1539482406,3.4860794445,0.1341778598,0.0,77.4434,10.4964491257,7.3456931047,-5.7265049521
25,OPTUNA_0025,0,42,25813,4032,801,802,459582,230192,16155897,8.0457462,0.7788445247,4.9941031726,3.2935311906,1.4663564847,0.0,74.5625,5.9725465299,4.1818002069,-2.0089156093
25,OPTUNA_0025,3,42,26466,3379,1226,1227,747175,374201,26214562,12.1641761,0.7938378571,5.1285910933,3.4700991183,0.1749382207,0.0,77.4434,10.6446110707,7.5079255739,-5.8379951904
25,OPTUNA_0025,1,42,27493,2352,863,864,520766,260815,18277075,8.7974158,0.797394583,4.5690965271,3.1948907475,-0.7222703591,0.0,79.2517,8.6975448942,6.1175364988,-4.4318551106
25,OPTUNA_0025,2,42,26989,2856,810,811,486873,243842,17089731,8.2403218,0.8413631041,4.2778124929,2.9504361013,0.5642248838,0.0,74.4405,6.70704608,5.170253491,-3.1533448081
25,OPTUNA_0025,4,42,27061,2784,1012,1013,613265,307139,21520381,10.1197812,0.7038932695,5.6973891416,3.759920975,-0.6544275899,0.0,79.3608,12.7789719109,10.0667020117,-8.9516000327
26,OPTUNA_0026,0,42,25813,4032,3035,3036,871348,437192,31630383,14.1470403,0.7772594573,5.0119681084,3.3048890088,1.4444767559,0.0,74.5625,6.1719337281,4.3778918036,-2.1100673023
26,OPTUNA_0026,3,42,26466,3379,3938,3939,1063153,533546,38747733,17.4606184,0.8024612664,5.0201852868,3.4203566934,0.1523303355,0.0,77.4434,10.1035396309,7.1527015783,-5.5577573944
26,OPTUNA_0026,1,42,27493,2352,1603,1604,512120,256862,18471512,7.7435013001,0.8022186627,4.5143732231,3.1833202346,-0.7205051176,0.0,79.2517,8.510995588,6.0621207299,-4.5024180875
26,OPTUNA_0026,2,42,26989,2856,3999,4000,1090236,547118,39708814,17.4997746,0.8427402518,4.2592038945,2.8952518405,0.5526003338,0.0,74.4405,6.7248948407,5.1180443412,-3.3490043922
26,OPTUNA_0026,4,42,27061,2784,3342,3343,939575,471459,34152721,15.36416,0.7069149584,5.6682444417,3.7164810714,-0.8318300314,0.0,79.3608,12.7907459972,10.1395392932,-9.021476577
27,OPTUNA_0027,0,42,25813,4032,3999,4000,326132,165066,13726137,11.8308206,0.7746646618,5.0410768102,3.4136892239,1.5607986593,0.0,74.5625,6.0750377654,4.381215719,-2.3183841902
27,OPTUNA_0027,3,42,26466,3379,3998,3999,326771,165385,13747242,11.8443102,0.788223093,5.1979597766,3.5044792782,0.0869484113,0.0,77.4434,10.8917002061,7.8376847937,-6.2657450838
28,OPTUNA_0028,0,42,25813,4032,170,171,129483,64827,4516100,2.8435453,0.7772023835,5.0126101871,3.3209435118,1.494586447,0.0,74.5625,5.9464093956,4.2582248788,-1.9524735941
28,OPTUNA_0028,3,42,26466,3379,534,535,393931,197233,13747631,6.5113386,0.7909179266,5.1647822127,3.486929141,0.1694291047,0.0,77.4434,10.6111648802,7.4345380871,-5.6137949812
29,OPTUNA_0029,0,42,25813,4032,3957,3958,705694,354826,26606650,14.4536614,0.7850462717,4.9235817501,3.2247545819,1.3977170247,0.0,74.5625,6.0224977754,4.2018342774,-2.0164108662
29,OPTUNA_0029,3,42,26466,3379,3552,3553,636875,320214,23999507,13.1742087,0.806237308,4.9719722237,3.3978594722,0.135006699,0.0,77.4434,9.9913950121,7.1358755402,-5.5542746661
29,OPTUNA_0029,1,42,27493,2352,2220,2221,417475,209848,15660796,8.5147199,0.79816858,4.5603607018,3.2108264373,-0.7911762251,0.0,79.2517,8.7429368994,6.2975194277,-4.5460092958
29,OPTUNA_0029,2,42,26989,2856,3981,3982,710590,357286,26788938,15.3978717,0.8457766664,4.2178845284,2.8739505369,0.564870544,0.0,74.4405,6.6447813278,5.0534762703,-3.1199582842
29,OPTUNA_0029,4,42,27061,2784,2192,2193,404317,203255,15194930,8.5136288,0.697744104,5.7562432025,3.7757930753,-0.8419918889,0.0,79.3608,13.0620100084,10.376376211,-9.1814588823
30,OPTUNA_0030,0,42,25813,4032,3997,3998,453728,228863,18065594,12.502401,0.7791599154,4.9905408462,3.3412806485,1.5050575989,0.0,74.5625,6.072911042,4.3253924034,-2.2171050354
30,OPTUNA_0030,3,42,26466,3379,3999,4000,454304,229152,18086552,12.5232829,0.7975232431,5.082544643,3.4506792361,0.1021342865,0.0,77.4434,10.4357809339,7.4705252974,-5.8474534727
30,OPTUNA_0030,1,42,27493,2352,3763,3764,428130,215947,17040906,12.4966625,0.8031472287,4.5037634623,3.170162173,-0.8848314108,0.0,79.2517,8.5999336256,6.2403672022,-4.5985772304
30,OPTUNA_0030,2,42,26989,2856,3999,4000,456754,230377,18169909,12.331144,0.8407789646,4.2856812284,2.926542116,0.5756624588,0.0,74.4405,6.83378417,5.2512177559,-3.4725267172
30,OPTUNA_0030,4,42,27061,2784,3999,4000,450388,227194,17953252,11.8297945,0.697459579,5.7589518509,3.7820556814,-0.8789470811,0.0,79.3608,13.1102810433,10.4405007348,-9.235702223
31,OPTUNA_0031,0,42,25813,4032,589,590,561986,281288,19497966,7.4339343,0.7782319776,5.0010146173,3.2487424903,1.4159683065,0.0,74.5625,6.0710899639,4.3235663849,-2.0539163843
31,OPTUNA_0031,3,42,26466,3379,1177,1178,1125430,563304,39043372,13.8752714,0.798608813,5.0689014156,3.4192356325,0.1897905723,0.0,77.4434,10.3251196537,7.1728793907,-5.5088226497
31,OPTUNA_0031,1,42,27493,2352,255,256,300596,150426,10390194,4.1299279,0.8097512825,4.427572442,3.0835848126,-0.6306314923,0.0,79.2517,8.3747131764,5.9391191375,-4.236292166
31,OPTUNA_0031,2,42,26989,2856,583,584,570220,285402,19773964,7.2333273,0.8385650916,4.3153732855,2.9390366061,0.6193115753,0.0,74.4405,6.7128670641,5.0753618447,-3.0756854813
31,OPTUNA_0031,4,42,27061,2784,649,650,627378,314014,21760925,7.9782278,0.7066054741,5.6712363542,3.6475606356,-0.7984931358,0.0,79.3608,13.0974008418,10.304085992,-9.2326102126
32,OPTUNA_0032,0,42,25813,4032,3147,3148,823600,413374,30080871,14.2909994,0.7786446033,4.9963599617,3.2866480865,1.4144317196,0.0,74.5625,6.0972943149,4.3042210123,-2.0077742972
32,OPTUNA_0032,3,42,26466,3379,3999,4000,1029044,516522,37628288,17.4859774,0.802238182,5.0230191838,3.4291986883,0.1694430798,0.0,77.4434,10.1483475326,7.2148695599,-5.5168556573
32,OPTUNA_0032,1,42,27493,2352,1192,1193,345835,173514,12546562,5.783052,0.8049616791,4.4829591492,3.1408996636,-0.757078964,0.0,79.2517,8.592569213,6.2102567693,-4.386591707
32,OPTUNA_0032,2,42,26989,2856,3997,3998,1033856,518927,37790575,17.5785564,0.8457213961,4.2186402593,2.8781650863,0.563626182,0.0,74.4405,6.5302867382,4.9506548406,-3.0296108608
32,OPTUNA_0032,4,42,27061,2784,3273,3274,855236,429255,31239655,14.9259246,0.7059777047,5.6773004187,3.6944166315,-0.7807821226,0.0,79.3608,12.9252850965,10.072779965,-9.0352490698
33,OPTUNA_0033,0,42,25813,4032,2286,2287,991083,496685,35207041,14.1176042,0.7798256279,4.9830132884,3.2391956143,1.4134025707,0.0,74.5625,6.0973580172,4.2790132204,-2.0743108701
33,OPTUNA_0033,3,42,26466,3379,2913,2914,1184634,593774,42201602,17.6222021,0.7974066684,5.0840075538,3.4478252615,0.1274182783,0.0,77.4434,10.3384202497,7.2492543057,-5.731452242
33,OPTUNA_0033,1,42,27493,2352,1075,1076,629332,315204,22108254,8.0238409,0.8010923006,4.5272096204,3.1699757211,-0.6276197564,0.0,79.2517,8.3759785913,5.8315412613,-4.3659868945
33,OPTUNA_0033,2,42,26989,2856,3375,3376,1342318,672847,47867783,20.165309,0.8397389037,4.2996558695,2.9234399755,0.577561959,0.0,74.4405,6.7869226818,5.0528279321,-3.2105727898
33,OPTUNA_0033,4,42,27061,2784,786,787,530929,265858,18571845,6.8637841,0.7133576165,5.6055979706,3.6866724433,-0.8124811319,0.0,79.3608,12.546657168,9.9148890924,-9.0286495205
34,OPTUNA_0034,0,42,25813,4032,2232,2233,1367965,685099,47985579,16.302832,0.7819688001,4.9587017145,3.2296075791,1.4106791436,0.0,74.5625,6.0891650457,4.2643050315,-2.1088618957
34,OPTUNA_0034,3,42,26466,3379,3379,3380,1883236,943308,66261886,23.0085568,0.7991701433,5.0618323041,3.4311446778,0.1324512413,0.0,77.4434,10.3488800685,7.2391263992,-5.7082831815
34,OPTUNA_0034,1,42,27493,2352,1611,1612,1110190,555901,38811436,12.7336319,0.8035917991,4.4986749603,3.1484779749,-0.6212183668,0.0,79.2517,8.2866457728,5.7513351157,-4.3783478876
34,OPTUNA_0034,2,42,26989,2856,2655,2656,1568718,785687,55090401,18.6782486,0.8407587609,4.2859531267,2.9224579441,0.5766000328,0.0,74.4405,6.8187524155,5.1147421267,-3.3619297069
34,OPTUNA_0034,4,42,27061,2784,1583,1584,1110054,555819,38788351,12.3548374,0.7159418061,5.5802724681,3.6376465329,-0.8115715938,0.0,79.3608,12.6777512157,10.0003702428,-8.9623242542
35,OPTUNA_0035,0,42,25813,4032,3226,3227,1303687,653457,46455967,18.1577199,0.7834962707,4.9413014904,3.2172667993,1.4069363939,0.0,74.5625,6.057688934,4.2471455705,-1.9987492239
35,OPTUNA_0035,3,42,26466,3379,3774,3775,1483445,743610,52929422,20.74645,0.8016507344,5.0304740424,3.4098326748,0.1316130307,0.0,77.4434,10.2334889598,7.1637203459,-5.6608247699
35,OPTUNA_0035,1,42,27493,2352,1664,1665,801401,401533,28347326,10.3575978,0.8029561481,4.5059487839,3.167485429,-0.6687029252,0.0,79.2517,8.3331712021,5.8406739499,-4.4384802052
35,OPTUNA_0035,2,42,26989,2856,3997,3998,1567004,785501,55917607,21.5290029,0.8424017378,4.2637855652,2.9034885459,0.5769184559,0.0,74.4405,6.7685164765,5.1075021742,-3.256576865
35,OPTUNA_0035,4,42,27061,2784,2212,2213,981697,491955,34839069,13.0341451,0.7125565674,5.6134251915,3.6594258615,-0.8214047886,0.0,79.3608,12.7914386271,10.1004047952,-8.9902913175
36,OPTUNA_0036,0,42,25813,4032,2731,2732,937166,469949,33667555,13.1367841,0.7868439456,4.9029503848,3.2117472379,1.4263399679,0.0,74.5625,5.9125524735,4.1515695197,-2.0011404254
36,OPTUNA_0036,3,42,26466,3379,3103,3104,1056138,529621,37958124,14.9241935,0.8069452588,4.962880863,3.3695623155,0.1727533091,0.0,77.4434,10.0658357774,7.0788209954,-5.5395894811
36,OPTUNA_0036,1,42,27493,2352,2214,2215,778143,390179,27919554,10.8790516,0.8017489932,4.5197301642,3.1619764236,-0.7270317744,0.0,79.2517,8.5390781885,6.0440664392,-4.4060017595
36,OPTUNA_0036,2,42,26989,2856,3526,3527,1200419,601973,43142857,16.8178737,0.8453608716,4.223566529,2.88270894,0.5546406319,0.0,74.4405,6.7211709087,5.0835589376,-3.2222823898
36,OPTUNA_0036,4,42,27061,2784,1807,1808,643376,322592,23068855,8.9437923,0.7107466461,5.6310702538,3.6783707064,-0.8417017486,0.0,79.3608,12.857607109,10.2301040237,-9.1122362372
37,OPTUNA_0037,0,42,25813,4032,3996,3997,446529,225263,17820073,13.075698,0.7814804724,4.9642516478,3.3322444485,1.5236820541,0.0,74.5625,6.0255618246,4.2671742486,-2.2284584337
37,OPTUNA_0037,3,42,26466,3379,3999,4000,447078,225539,17840717,12.8425676,0.7994682991,5.0580734621,3.4412342257,0.0819152789,0.0,77.4434,10.4091468415,7.4719392193,-6.0070538942
37,OPTUNA_0037,1,42,27493,2352,3956,3957,442767,223362,17665791,12.2647866,0.8026650961,4.5092754077,3.1697577526,-0.8816960118,0.0,79.2517,8.5828074815,6.2076968194,-4.5753186817
37,OPTUNA_0037,2,42,26989,2856,3998,3999,448547,226273,17890068,12.3224085,0.841534592,4.2754996916,2.9174080953,0.5623216357,0.0,74.4405,6.8609972066,5.2975109511,-3.5702880981
37,OPTUNA_0037,4,42,27061,2784,3937,3938,437020,220479,17457722,12.8580404,0.6966001779,5.767125535,3.8104981566,-0.8665547109,0.0,79.3608,12.9986284875,10.4252457483,-9.2080244751
38,OPTUNA_0038,0,42,25813,4032,1844,1845,1204233,603039,42162601,14.0033114,0.7823621528,4.954226669,3.2197691134,1.4115493601,0.0,74.5625,6.0572312626,4.2560405993,-2.0546450954
38,OPTUNA_0038,3,42,26466,3379,2315,2316,1450708,726512,50853656,16.9993223,0.8013702001,5.0340301976,3.423270201,0.1513002577,0.0,77.4434,10.2144487018,7.1370319634,-5.6262910717
38,OPTUNA_0038,1,42,27493,2352,1440,1441,1008985,505213,35257574,11.2555893,0.8072773569,4.456266737,3.0935981651,-0.6495887472,0.0,79.2517,8.3049065045,5.7518507551,-4.3425744163
38,OPTUNA_0038,2,42,26989,2856,2808,2809,1745715,874262,61209262,20.3205708,0.8427011338,4.2597335952,2.908267545,0.5762093149,0.0,74.4405,6.771279996,5.1020743159,-3.2246587061
38,OPTUNA_0038,4,42,27061,2784,1414,1415,994551,497983,34749673,11.1280068,0.7211371936,5.5290057409,3.5956193406,-0.7895746682,0.0,79.3608,12.6296622564,9.943113952,-8.8983362761
39,OPTUNA_0039,0,42,25813,4032,1103,1104,696642,348873,24415483,10.2444806,0.7749422051,5.0379713309,3.2800373918,1.4519535275,0.0,74.5625,6.0396067011,4.2643140165,-2.1904002
39,OPTUNA_0039,3,42,26466,3379,2323,2324,1133356,567840,40068991,18.0261194,0.7970612234,5.0883401167,3.4294811053,0.1083542164,0.0,77.4434,10.3699047556,7.2253904025,-5.6945276428
40,OPTUNA_0040,0,42,25813,4032,2204,2205,217721,109963,8857342,7.5306406,0.7773774348,5.0106406044,3.3289613555,1.47234841,0.0,74.5625,6.0975464375,4.3045733773,-2.0165394801
40,OPTUNA_0040,3,42,26466,3379,3481,3482,321720,162601,13235077,11.8928745,0.7947872007,5.1167692979,3.4737175029,0.1028242782,0.0,77.4434,10.3281909432,7.3439485793,-5.6233260926
41,OPTUNA_0041,0,42,25813,4032,2922,2923,1096891,549907,39224265,16.0769948,0.7823447887,4.9544243002,3.233427691,1.4264711161,0.0,74.5625,6.0343134914,4.2293936659,-2.0060831683
41,OPTUNA_0041,3,42,26466,3379,3240,3241,1193151,598196,42706986,17.7503222,0.8023139213,5.0220572286,3.4144206913,0.1193034836,0.0,77.4434,10.2123931267,7.1609406246,-5.6626579802
41,OPTUNA_0041,1,42,27493,2352,2045,2046,831752,416899,29630719,11.6344001,0.8050133436,4.4823653554,3.1356156796,-0.6784393788,0.0,79.2517,8.3458959178,5.8821126762,-4.3530019398
41,OPTUNA_0041,2,42,26989,2856,2627,2628,1015424,509026,36259687,14.5161592,0.8434160593,4.2500422963,2.8934684367,0.5711965449,0.0,74.4405,6.7800387182,5.1274776607,-3.3336077672
41,OPTUNA_0041,4,42,27061,2784,2436,2437,950661,476549,33931685,13.5272886,0.7149246364,5.5902545985,3.6414624146,-0.8250306542,0.0,79.3608,12.7450925461,10.0615612236,-9.0037936914
42,OPTUNA_0042,0,42,25813,4032,2244,2245,1096617,549431,38767469,14.3112562,0.7850273978,4.9237979011,3.2079593814,1.4015094941,0.0,74.5625,5.9873899739,4.2153939498,-2.0000802228
42,OPTUNA_0042,3,42,26466,3379,2144,2145,1047981,525063,37047846,13.3668916,0.8028336463,5.0154512833,3.4073387874,0.1456415907,0.0,77.4434,10.1618189749,7.1060352029,-5.6392172975
42,OPTUNA_0042,1,42,27493,2352,1200,1201,652041,326621,22962846,7.8308532,0.8055581152,4.4760993538,3.1317981182,-0.6961227664,0.0,79.2517,8.3818342618,5.8899277093,-4.4557521199
42,OPTUNA_0042,2,42,26989,2856,2757,2758,1326256,664507,46913775,17.4219942,0.8435892472,4.247691291,2.8967549161,0.5696351129,0.0,74.4405,6.7210567627,5.0962749506,-3.2806017217
42,OPTUNA_0042,4,42,27061,2784,1637,1638,834706,418172,29461875,10.2383105,0.7158372122,5.5812997373,3.6318471565,-0.805930687,0.0,79.3608,12.7200802527,10.044853038,-8.9538836964
43,OPTUNA_0043,0,42,25813,4032,1796,1797,2230811,1116304,77035687,20.6986067,0.7828070602,4.9491602257,3.2063905558,1.4125221789,0.0,74.5625,6.0059101644,4.2003600663,-2.0836927687
43,OPTUNA_0043,3,42,26466,3379,1673,1674,2104010,1052842,72643161,19.4455713,0.8001863301,5.0490097821,3.4102751765,0.1791191594,0.0,77.4434,10.3347842429,7.2041059685,-5.7493176543
43,OPTUNA_0043,1,42,27493,2352,1113,1114,1564228,782671,53920726,14.2020838,0.8070001815,4.4594701066,3.1013520279,-0.6046450285,0.0,79.2517,8.2782175074,5.6987955087,-4.3022212232
43,OPTUNA_0043,2,42,26989,2856,2029,2030,2494498,1248264,86155001,23.0034076,0.8399497582,4.2968264243,2.9367136254,0.5802318771,0.0,74.4405,6.8358401744,5.1575170335,-3.4268452639
43,OPTUNA_0043,4,42,27061,2784,1101,1102,1567162,784132,54012555,14.1611411,0.7222243777,5.51821743,3.6023709764,-0.7417143897,0.0,79.3608,12.4617951241,9.8382886538,-8.9090622751
44,OPTUNA_0044,0,42,25813,4032,1176,1177,2334509,1167843,80152072,21.4484716,0.7758793594,5.02747118,3.2755765031,1.4621491404,0.0,74.5625,6.037528804,4.214710119,-2.2981449268
44,OPTUNA_0044,3,42,26466,3379,893,894,1831702,916298,62869579,17.1336046,0.7982188518,5.0738065928,3.4325626489,0.2102653576,0.0,77.4434,10.4022194812,7.2873073492,-5.8834691921
45,OPTUNA_0045,0,42,25813,4032,2639,2640,447054,224847,16942627,10.7820827,0.775064933,5.0365974971,3.3457522471,1.5329056856,0.0,74.5625,6.0084161074,4.2858623879,-2.0949648025
45,OPTUNA_0045,3,42,26466,3379,3881,3882,609300,306591,23278443,15.308725,0.7965722235,5.0944668432,3.4340954986,0.087368527,0.0,77.4434,10.4411620118,7.365359111,-5.7816241787
46,OPTUNA_0046,0,42,25813,4032,2193,2194,794900,398547,28475431,11.4296573,0.7857414858,4.9156132542,3.2122202633,1.4173760244,0.0,74.5625,5.994194604,4.1953152312,-1.859451918
46,OPTUNA_0046,3,42,26466,3379,2163,2164,776472,389318,27829080,11.6448677,0.8078131663,4.9517125975,3.368143983,0.1532778921,0.0,77.4434,9.921987218,6.9475085797,-5.4618382988
46,OPTUNA_0046,1,42,27493,2352,897,898,348218,174558,12432882,4.8631074,0.8055019307,4.4767459972,3.1400648753,-0.7261478253,0.0,79.2517,8.4455225739,6.03036144,-4.4054363762
46,OPTUNA_0046,2,42,26989,2856,2635,2636,955316,478976,34221295,13.1948516,0.8468838987,4.2027162966,2.875375628,0.5660105134,0.0,74.4405,6.6368880594,5.0187284764,-3.109072552
46,OPTUNA_0046,4,42,27061,2784,1486,1487,544697,273092,19501909,7.5505448,0.7132576215,5.6065756402,3.6607667988,-0.8173686457,0.0,79.3608,12.7646860198,10.1018117982,-8.9566233737
47,OPTUNA_0047,0,42,25813,4032,1983,1984,4662968,2332476,159853107,39.31886,0.780570916,4.9745724144,3.2176060692,1.4214604129,0.0,74.5625,6.0053547982,4.2021447322,-2.1300008518
47,OPTUNA_0047,3,42,26466,3379,1441,1442,3723960,1862701,127568586,31.2048757,0.7985390474,5.0697793191,3.4143114952,0.2167850613,0.0,77.4434,10.4577020265,7.2710475075,-5.7565230757
47,OPTUNA_0047,1,42,27493,2352,783,784,2501032,1250908,85554101,21.0079438,0.8054709132,4.4771029476,3.1055248557,-0.5690228502,0.0,79.2517,8.3420557931,5.7391447123,-4.4527214723
47,OPTUNA_0047,2,42,26989,2856,1555,1556,3935292,1968424,134829224,33.2071844,0.8367409987,4.3396850363,2.962800647,0.5915710687,0.0,74.4405,6.8731605882,5.2062608862,-3.4475944161
47,OPTUNA_0047,4,42,27061,2784,962,963,2930245,1465604,100265661,24.1251807,0.7244421062,5.4961448801,3.5812409854,-0.7024883661,0.0,79.3608,12.3288154298,9.6771996507,-8.813441255
48,OPTUNA_0048,0,42,25813,4032,3665,3666,15469116,7736391,528373961,121.6164348,0.777550415,5.0086935644,3.2408850331,1.4208708803,0.0,74.5625,6.0896544437,4.2653243089,-2.2750712771
48,OPTUNA_0048,3,42,26466,3379,2371,2372,11044756,5523564,377090388,83.6477698,0.7942295977,5.1237162096,3.4447986867,0.2389721004,0.0,77.4434,10.5322190315,7.2966720532,-5.8206499087
49,OPTUNA_0049,0,42,25813,4032,2172,2173,1849603,925888,64322027,18.4095025,0.7837220962,4.9387237914,3.2136566576,1.4227069825,0.0,74.5625,5.9909836327,4.195746246,-2.0574502103
49,OPTUNA_0049,3,42,26466,3379,2473,2474,2066942,1034708,71910246,20.9708119,0.8022561278,5.0227912729,3.4106521564,0.1747010637,0.0,77.4434,10.1809500642,7.1011203341,-5.6577629223
49,OPTUNA_0049,1,42,27493,2352,1233,1234,1190944,596089,41307900,11.4701433,0.805984743,4.4711861192,3.1275203173,-0.6446057908,0.0,79.2517,8.3013986089,5.8042649412,-4.365464475
49,OPTUNA_0049,2,42,26989,2856,3161,3162,2583520,1293341,89927972,25.6477744,0.8428626982,4.2575454095,2.8999542173,0.5692564428,0.0,74.4405,6.7289143737,5.0578187194,-3.2941249302
49,OPTUNA_0049,4,42,27061,2784,1640,1641,1478041,739841,51337806,14.4681043,0.7203379423,5.5369234394,3.6094993587,-0.7940365678,0.0,79.3608,12.5849757285,9.9600641061,-8.9325539055
