family,protocol,target,seed,format,source_relative_path,repository_relative_path,size_bytes,sha256,distribution_status
dense_pinn,interpolative,CO,126,pt,models/interp/work_pinn_co_interp_final_r5f_std/model/final_model_seed_126.pt,models/dense_pinn/interpolative/CO/final_model_seed_126.pt,261215,f226546a9fc624be8b6012967212dfbaeb40d4e82da749b0593e9ab3b6962c81,DISTRIBUTED_LFS
dense_pinn,interpolative,NOx,84,pt,models/interp/work_pinn_nox_interp_final_r6f_std/model/final_model_seed_84.pt,models/dense_pinn/interpolative/NOx/final_model_seed_84.pt,286885,aae35b5c02a41a28537bfd945aa660ba3ba8c7a9fa0647b2881ebac184e91e47,DISTRIBUTED_LFS
tt_pinn,interpolative,CO,126,pt,models/interp/work_tt_pinn_co_interp_final_r1f_std/model/tt_final_model_seed_126.pt,models/tt_pinn/interpolative/CO/tt_final_model_seed_126.pt,68373,cf00d198b053777e48ffa80a9a671dba9e12a04a08ca2d894f3ce123f8558110,DISTRIBUTED_LFS
tt_pinn,interpolative,NOx,84,pt,models/interp/work_tt_pinn_nox_interp_final_r1f_std/model/tt_final_model_seed_84.pt,models/tt_pinn/interpolative/NOx/tt_final_model_seed_84.pt,74829,e4724801a279d0f06184dcb952f3f8b65026ace8a028b6e0ab46b27ebf996ca1,DISTRIBUTED_LFS
dense_pinn,walk_forward,CO,105,pt,models/wf/work_pinn_co_wf_final_r3_std/models/PINN_CO_WF_seed105.pt,models/dense_pinn/walk_forward/CO/PINN_CO_WF_seed105.pt,209125,29506ddb9dce4184c0f84487a8292edbed05727d4e32ec02f27272ddba65447a,DISTRIBUTED_LFS
dense_pinn,walk_forward,CO,126,pt,models/wf/work_pinn_co_wf_final_r3_std/models/PINN_CO_WF_seed126.pt,models/dense_pinn/walk_forward/CO/PINN_CO_WF_seed126.pt,209125,c3f3bd3a0def1e959a0ff29de7680ae87611e7e4a95fe154d2ff2445e3e84301,DISTRIBUTED_LFS
dense_pinn,walk_forward,CO,147,pt,models/wf/work_pinn_co_wf_final_r3_std/models/PINN_CO_WF_seed147.pt,models/dense_pinn/walk_forward/CO/PINN_CO_WF_seed147.pt,209125,5443d51382c4c812696cbe19818a3f138d2786a3d7af01a8371aa655c27978de,DISTRIBUTED_LFS
dense_pinn,walk_forward,CO,168,pt,models/wf/work_pinn_co_wf_final_r3_std/models/PINN_CO_WF_seed168.pt,models/dense_pinn/walk_forward/CO/PINN_CO_WF_seed168.pt,209125,3a58a1fc6fc695a8a3b9a77c88f842336b203c053616729ccab4c07c09158a0f,DISTRIBUTED_LFS
dense_pinn,walk_forward,CO,189,pt,models/wf/work_pinn_co_wf_final_r3_std/models/PINN_CO_WF_seed189.pt,models/dense_pinn/walk_forward/CO/PINN_CO_WF_seed189.pt,209125,587cb03350a7fec33fee5c1ac6a0fa0592a39d3d55a9168c3d7de6fc8f8adfcc,DISTRIBUTED_LFS
dense_pinn,walk_forward,CO,21,pt,models/wf/work_pinn_co_wf_final_r3_std/models/PINN_CO_WF_seed21.pt,models/dense_pinn/walk_forward/CO/PINN_CO_WF_seed21.pt,209109,5deeb04cdbc04e3a1f8c2cdaf427c21531c4c39d8eafcc6213b7ae4643b89c07,DISTRIBUTED_LFS
dense_pinn,walk_forward,CO,210,pt,models/wf/work_pinn_co_wf_final_r3_std/models/PINN_CO_WF_seed210.pt,models/dense_pinn/walk_forward/CO/PINN_CO_WF_seed210.pt,209125,6cbf4515d1873e77a7144f5eaf85a29971c50873737ed4357bf87f8cf635e2f3,DISTRIBUTED_LFS
dense_pinn,walk_forward,CO,42,pt,models/wf/work_pinn_co_wf_final_r3_std/models/PINN_CO_WF_seed42.pt,models/dense_pinn/walk_forward/CO/PINN_CO_WF_seed42.pt,209109,ae4f8cdb1c187c9e816d49ea0e3f82260e6aa1eaa3186c09c7d2dd2818666b71,DISTRIBUTED_LFS
dense_pinn,walk_forward,CO,63,pt,models/wf/work_pinn_co_wf_final_r3_std/models/PINN_CO_WF_seed63.pt,models/dense_pinn/walk_forward/CO/PINN_CO_WF_seed63.pt,209109,0c6060aa26e5546fb3ac7f9864e9da2292ef640bfcb41269e4057a8de0cf2615,DISTRIBUTED_LFS
dense_pinn,walk_forward,CO,84,pt,models/wf/work_pinn_co_wf_final_r3_std/models/PINN_CO_WF_seed84.pt,models/dense_pinn/walk_forward/CO/PINN_CO_WF_seed84.pt,209109,b7ac18a72161399a3d0ca53b944687c7167d4d9f4cb8bbd919359becbe4d8317,DISTRIBUTED_LFS
dense_pinn,walk_forward,NOx,105,pt,models/wf/work_pinn_nox_wf_final_r3_std/models/PINN_NOX_WF_seed105.pt,models/dense_pinn/walk_forward/NOx/PINN_NOX_WF_seed105.pt,318517,2aba77016ca3b03950e8c1be22e246087f92af984db83d655944b6d1bff3328f,DISTRIBUTED_LFS
dense_pinn,walk_forward,NOx,126,pt,models/wf/work_pinn_nox_wf_final_r3_std/models/PINN_NOX_WF_seed126.pt,models/dense_pinn/walk_forward/NOx/PINN_NOX_WF_seed126.pt,318517,c8d61a1b9394d40226e385aae8e8c9b4ff899fb1952c9d662aa25499d415fac3,DISTRIBUTED_LFS
dense_pinn,walk_forward,NOx,147,pt,models/wf/work_pinn_nox_wf_final_r3_std/models/PINN_NOX_WF_seed147.pt,models/dense_pinn/walk_forward/NOx/PINN_NOX_WF_seed147.pt,318517,5f9c8d51adb117cfe7a642b7288760691c8f62a98b193531c1f1ec8d4d725d36,DISTRIBUTED_LFS
dense_pinn,walk_forward,NOx,168,pt,models/wf/work_pinn_nox_wf_final_r3_std/models/PINN_NOX_WF_seed168.pt,models/dense_pinn/walk_forward/NOx/PINN_NOX_WF_seed168.pt,318517,2b0bb2fc986f5b8dd3c3e960673e7350bb2a3d5a27ad94ec67413a1a17f2f8b8,DISTRIBUTED_LFS
dense_pinn,walk_forward,NOx,189,pt,models/wf/work_pinn_nox_wf_final_r3_std/models/PINN_NOX_WF_seed189.pt,models/dense_pinn/walk_forward/NOx/PINN_NOX_WF_seed189.pt,318517,ea5bf886e15e17c1cec577fea16a91572c15385139b8f8fc5dd03a12d501011c,DISTRIBUTED_LFS
dense_pinn,walk_forward,NOx,21,pt,models/wf/work_pinn_nox_wf_final_r3_std/models/PINN_NOX_WF_seed21.pt,models/dense_pinn/walk_forward/NOx/PINN_NOX_WF_seed21.pt,318437,c22a71feb75c85a2a865295f5c5d1e5aeaca58f28137a409849435487b625a84,DISTRIBUTED_LFS
dense_pinn,walk_forward,NOx,210,pt,models/wf/work_pinn_nox_wf_final_r3_std/models/PINN_NOX_WF_seed210.pt,models/dense_pinn/walk_forward/NOx/PINN_NOX_WF_seed210.pt,318517,7072f98f60e95ee845ab3a10f69752709a49f08e0ab95d192583e0474b09d291,DISTRIBUTED_LFS
dense_pinn,walk_forward,NOx,42,pt,models/wf/work_pinn_nox_wf_final_r3_std/models/PINN_NOX_WF_seed42.pt,models/dense_pinn/walk_forward/NOx/PINN_NOX_WF_seed42.pt,318437,65b11355b63b58a08196f46923c53f61f70c834b208b181e951c727ce802340f,DISTRIBUTED_LFS
dense_pinn,walk_forward,NOx,63,pt,models/wf/work_pinn_nox_wf_final_r3_std/models/PINN_NOX_WF_seed63.pt,models/dense_pinn/walk_forward/NOx/PINN_NOX_WF_seed63.pt,318437,731da8bf79845a95c7e177d8e8805cbeeb367154310037cd37b5ef6e127b649b,DISTRIBUTED_LFS
dense_pinn,walk_forward,NOx,84,pt,models/wf/work_pinn_nox_wf_final_r3_std/models/PINN_NOX_WF_seed84.pt,models/dense_pinn/walk_forward/NOx/PINN_NOX_WF_seed84.pt,318437,a55e40662c5a11ed51b2490c600ffc3960b7f40c7b859e572a3b4f7a2bbe0680,DISTRIBUTED_LFS
xgboost,interpolative,CO,105,json,models/interp/work_xgboost_co_interp_final_r1f_std/models/XGBOOST_CO_INTERP_seed105.metadata.json,models/xgboost/interpolative/CO/XGBOOST_CO_INTERP_seed105.metadata.json,565,8fc60bbb85662f961a3317cf113d5b606ccd8c75578862c2703e04f26749a216,DISTRIBUTED_METADATA
xgboost,interpolative,CO,105,ubj,models/interp/work_xgboost_co_interp_final_r1f_std/models/XGBOOST_CO_INTERP_seed105.ubj,models/xgboost/interpolative/CO/XGBOOST_CO_INTERP_seed105.ubj,2097271,1bc48d7ddd281a99cee00b5d1b829f94bdbba3e9fa10b1c4dfe46b1671b09ef1,DISTRIBUTED_LFS
xgboost,interpolative,CO,126,json,models/interp/work_xgboost_co_interp_final_r1f_std/models/XGBOOST_CO_INTERP_seed126.metadata.json,models/xgboost/interpolative/CO/XGBOOST_CO_INTERP_seed126.metadata.json,565,d420428360331eedf14d9b3252fa61f1549cf58d51b69647c154bd5f8f93a7c4,DISTRIBUTED_METADATA
xgboost,interpolative,CO,126,ubj,models/interp/work_xgboost_co_interp_final_r1f_std/models/XGBOOST_CO_INTERP_seed126.ubj,models/xgboost/interpolative/CO/XGBOOST_CO_INTERP_seed126.ubj,2066462,3315a9e88d362f4996785dd78677da5d14a2b75342aca5eb282b5c1c59d6fbd9,DISTRIBUTED_LFS
xgboost,interpolative,CO,147,json,models/interp/work_xgboost_co_interp_final_r1f_std/models/XGBOOST_CO_INTERP_seed147.metadata.json,models/xgboost/interpolative/CO/XGBOOST_CO_INTERP_seed147.metadata.json,565,e6319c2b764eb7ba677b96c97bf3ad1b3cd3948e850bc7e7cd192df34fec6360,DISTRIBUTED_METADATA
xgboost,interpolative,CO,147,ubj,models/interp/work_xgboost_co_interp_final_r1f_std/models/XGBOOST_CO_INTERP_seed147.ubj,models/xgboost/interpolative/CO/XGBOOST_CO_INTERP_seed147.ubj,2040285,f8a5b6a549f9d38d3e2c765976f0e8820692003ebdabf4db588ed49fec2ed18e,DISTRIBUTED_LFS
xgboost,interpolative,CO,168,json,models/interp/work_xgboost_co_interp_final_r1f_std/models/XGBOOST_CO_INTERP_seed168.metadata.json,models/xgboost/interpolative/CO/XGBOOST_CO_INTERP_seed168.metadata.json,565,f2473dfbe6198ae5c62e3d2cbed6266f962bbc8e4af53b2ced852b2cb6f32eb1,DISTRIBUTED_METADATA
xgboost,interpolative,CO,168,ubj,models/interp/work_xgboost_co_interp_final_r1f_std/models/XGBOOST_CO_INTERP_seed168.ubj,models/xgboost/interpolative/CO/XGBOOST_CO_INTERP_seed168.ubj,2050687,2fc695abaeb1ef247ea1c635251fec17617fc0a66b5419fdbcebf0275ad6b2b2,DISTRIBUTED_LFS
xgboost,interpolative,CO,189,json,models/interp/work_xgboost_co_interp_final_r1f_std/models/XGBOOST_CO_INTERP_seed189.metadata.json,models/xgboost/interpolative/CO/XGBOOST_CO_INTERP_seed189.metadata.json,565,f13a5b82152312bc54e5d87801e546e134dd33e9236abf852d45085341781b75,DISTRIBUTED_METADATA
xgboost,interpolative,CO,189,ubj,models/interp/work_xgboost_co_interp_final_r1f_std/models/XGBOOST_CO_INTERP_seed189.ubj,models/xgboost/interpolative/CO/XGBOOST_CO_INTERP_seed189.ubj,2064425,3dbed3a8aef0c3acfb499e7e01a59e45c1b64d74e4479a40cc4e3078b6ad45c2,DISTRIBUTED_LFS
xgboost,interpolative,CO,21,json,models/interp/work_xgboost_co_interp_final_r1f_std/models/XGBOOST_CO_INTERP_seed21.metadata.json,models/xgboost/interpolative/CO/XGBOOST_CO_INTERP_seed21.metadata.json,563,1e3dc9d9898b93eda429f23025a63647592575399278a4ec2ea978f842c64334,DISTRIBUTED_METADATA
xgboost,interpolative,CO,21,ubj,models/interp/work_xgboost_co_interp_final_r1f_std/models/XGBOOST_CO_INTERP_seed21.ubj,models/xgboost/interpolative/CO/XGBOOST_CO_INTERP_seed21.ubj,2098287,a1ea34013cadadfab22be635c8d1eb5ad024da86d7d9ba5cfefd3bb2f2630811,DISTRIBUTED_LFS
xgboost,interpolative,CO,210,json,models/interp/work_xgboost_co_interp_final_r1f_std/models/XGBOOST_CO_INTERP_seed210.metadata.json,models/xgboost/interpolative/CO/XGBOOST_CO_INTERP_seed210.metadata.json,565,9eb86f0faac3fc3734bbc46ab5e497a21913ceed87f0d2a499e7164fe782ce8f,DISTRIBUTED_METADATA
xgboost,interpolative,CO,210,ubj,models/interp/work_xgboost_co_interp_final_r1f_std/models/XGBOOST_CO_INTERP_seed210.ubj,models/xgboost/interpolative/CO/XGBOOST_CO_INTERP_seed210.ubj,2087134,9b2d2d8314a8fafec74ccc34d1c64fe5b93fd0ff923fa22021fd28dc08be3379,DISTRIBUTED_LFS
xgboost,interpolative,CO,42,json,models/interp/work_xgboost_co_interp_final_r1f_std/models/XGBOOST_CO_INTERP_seed42.metadata.json,models/xgboost/interpolative/CO/XGBOOST_CO_INTERP_seed42.metadata.json,563,10879c4fda4537bd0f93aa51922f93cbf6d06d4370d7e1a5e8defb21d52624b5,DISTRIBUTED_METADATA
xgboost,interpolative,CO,42,ubj,models/interp/work_xgboost_co_interp_final_r1f_std/models/XGBOOST_CO_INTERP_seed42.ubj,models/xgboost/interpolative/CO/XGBOOST_CO_INTERP_seed42.ubj,2076456,30de869293e411dacbc7095da25c8fe55f637d610c65f4a6b03abe7d30efd6a4,DISTRIBUTED_LFS
xgboost,interpolative,CO,63,json,models/interp/work_xgboost_co_interp_final_r1f_std/models/XGBOOST_CO_INTERP_seed63.metadata.json,models/xgboost/interpolative/CO/XGBOOST_CO_INTERP_seed63.metadata.json,563,75e59adfc478c1da52bf4935b0de8b00bd96a9a2ea704926296f56d8927b1053,DISTRIBUTED_METADATA
xgboost,interpolative,CO,63,ubj,models/interp/work_xgboost_co_interp_final_r1f_std/models/XGBOOST_CO_INTERP_seed63.ubj,models/xgboost/interpolative/CO/XGBOOST_CO_INTERP_seed63.ubj,2075776,4e16783aa0f6450e6999f67021f0230a2570db92f1754bb18878f304b8d76fb0,DISTRIBUTED_LFS
xgboost,interpolative,CO,84,json,models/interp/work_xgboost_co_interp_final_r1f_std/models/XGBOOST_CO_INTERP_seed84.metadata.json,models/xgboost/interpolative/CO/XGBOOST_CO_INTERP_seed84.metadata.json,563,4bf11106d8e7924de264094b350915ce6e6d03352a6201f9671178f424140f51,DISTRIBUTED_METADATA
xgboost,interpolative,CO,84,ubj,models/interp/work_xgboost_co_interp_final_r1f_std/models/XGBOOST_CO_INTERP_seed84.ubj,models/xgboost/interpolative/CO/XGBOOST_CO_INTERP_seed84.ubj,2065986,ddc810457fce644fcc17349f3d60ee29c367dd12d51a534b23c678d7d3c7b9c8,DISTRIBUTED_LFS
xgboost,walk_forward,CO,105,json,models/wf/work_xgboost_co_wf_final_r1f_std/models/XGBOOST_CO_WF_seed105.metadata.json,models/xgboost/walk_forward/CO/XGBOOST_CO_WF_seed105.metadata.json,919,1b1b87e9b5cbc2ff045aab8c20e9187c4b24c77bb53b045119db10753579fc2e,DISTRIBUTED_METADATA
xgboost,walk_forward,CO,105,ubj,models/wf/work_xgboost_co_wf_final_r1f_std/models/XGBOOST_CO_WF_seed105.ubj,models/xgboost/walk_forward/CO/XGBOOST_CO_WF_seed105.ubj,475753,f19ac2e597b0d3c1230ffa48a63ccbdd55761fcb63cce5c8096995f9e9abf22a,DISTRIBUTED_LFS
xgboost,walk_forward,CO,126,json,models/wf/work_xgboost_co_wf_final_r1f_std/models/XGBOOST_CO_WF_seed126.metadata.json,models/xgboost/walk_forward/CO/XGBOOST_CO_WF_seed126.metadata.json,919,b7edf702d805d076dfc80a3a1e3ab7da377bf329198d1cd657d14bcc7abef0fe,DISTRIBUTED_METADATA
xgboost,walk_forward,CO,126,ubj,models/wf/work_xgboost_co_wf_final_r1f_std/models/XGBOOST_CO_WF_seed126.ubj,models/xgboost/walk_forward/CO/XGBOOST_CO_WF_seed126.ubj,479151,fea31ebb50228bc2d3e7a9dc406e7f1cd17d00b129b727a6e372a4e048a53c88,DISTRIBUTED_LFS
xgboost,walk_forward,CO,147,json,models/wf/work_xgboost_co_wf_final_r1f_std/models/XGBOOST_CO_WF_seed147.metadata.json,models/xgboost/walk_forward/CO/XGBOOST_CO_WF_seed147.metadata.json,919,3a1a3becb0b2457906d984edd96573e6f0fe7d5b46001785cb00f664f199bdf3,DISTRIBUTED_METADATA
xgboost,walk_forward,CO,147,ubj,models/wf/work_xgboost_co_wf_final_r1f_std/models/XGBOOST_CO_WF_seed147.ubj,models/xgboost/walk_forward/CO/XGBOOST_CO_WF_seed147.ubj,479561,539c3884db75fae3e56ea95a7401f0d1899abae2ff9aac24aa33a6b7f8a0003b,DISTRIBUTED_LFS
xgboost,walk_forward,CO,168,json,models/wf/work_xgboost_co_wf_final_r1f_std/models/XGBOOST_CO_WF_seed168.metadata.json,models/xgboost/walk_forward/CO/XGBOOST_CO_WF_seed168.metadata.json,919,1aa16ec09c2586a07942ac6ea8c28e6055bb78a9d405edad47df122de2a3e02b,DISTRIBUTED_METADATA
xgboost,walk_forward,CO,168,ubj,models/wf/work_xgboost_co_wf_final_r1f_std/models/XGBOOST_CO_WF_seed168.ubj,models/xgboost/walk_forward/CO/XGBOOST_CO_WF_seed168.ubj,473366,b904aca97a8a4618b6ccfe955d5c96b7f39aaa0dbbf7590f5843180d392bf581,DISTRIBUTED_LFS
xgboost,walk_forward,CO,189,json,models/wf/work_xgboost_co_wf_final_r1f_std/models/XGBOOST_CO_WF_seed189.metadata.json,models/xgboost/walk_forward/CO/XGBOOST_CO_WF_seed189.metadata.json,919,3aceb633cce5352194a1b38c99dd7df4ef54668433261c79665eceda076c9166,DISTRIBUTED_METADATA
xgboost,walk_forward,CO,189,ubj,models/wf/work_xgboost_co_wf_final_r1f_std/models/XGBOOST_CO_WF_seed189.ubj,models/xgboost/walk_forward/CO/XGBOOST_CO_WF_seed189.ubj,477789,47b311af8d93e9d82d6b5e4b2fcb5cab50a4f1a364b73fe1e2acd7a20f183936,DISTRIBUTED_LFS
xgboost,walk_forward,CO,21,json,models/wf/work_xgboost_co_wf_final_r1f_std/models/XGBOOST_CO_WF_seed21.metadata.json,models/xgboost/walk_forward/CO/XGBOOST_CO_WF_seed21.metadata.json,917,3bc67dacc7eac9139d54a4b23e506a7719e5706147a80a6681cbe645af4d5eef,DISTRIBUTED_METADATA
xgboost,walk_forward,CO,21,ubj,models/wf/work_xgboost_co_wf_final_r1f_std/models/XGBOOST_CO_WF_seed21.ubj,models/xgboost/walk_forward/CO/XGBOOST_CO_WF_seed21.ubj,474115,f32c33cb179b685b86aa77e30e194365426deac4213422568dcbbe631e9c1e21,DISTRIBUTED_LFS
xgboost,walk_forward,CO,210,json,models/wf/work_xgboost_co_wf_final_r1f_std/models/XGBOOST_CO_WF_seed210.metadata.json,models/xgboost/walk_forward/CO/XGBOOST_CO_WF_seed210.metadata.json,919,b0da435294cc8383fff08bcd9a2e862ce7c24f54924577c6a140418a9460890b,DISTRIBUTED_METADATA
xgboost,walk_forward,CO,210,ubj,models/wf/work_xgboost_co_wf_final_r1f_std/models/XGBOOST_CO_WF_seed210.ubj,models/xgboost/walk_forward/CO/XGBOOST_CO_WF_seed210.ubj,475411,32befc3f0c2117fe0a1d668946cdbad022ebc7c7a2d69b29294fdb4dc2ed519d,DISTRIBUTED_LFS
xgboost,walk_forward,CO,42,json,models/wf/work_xgboost_co_wf_final_r1f_std/models/XGBOOST_CO_WF_seed42.metadata.json,models/xgboost/walk_forward/CO/XGBOOST_CO_WF_seed42.metadata.json,917,920c3723e4971a86c2d869658b9918c1608ca53d2a3fced6060b4c1d634b1b4d,DISTRIBUTED_METADATA
xgboost,walk_forward,CO,42,ubj,models/wf/work_xgboost_co_wf_final_r1f_std/models/XGBOOST_CO_WF_seed42.ubj,models/xgboost/walk_forward/CO/XGBOOST_CO_WF_seed42.ubj,475136,3c76b6ea69a0d28aa49d7b7742bb7fe60e9e056761dd5e24a3d702355450e9bc,DISTRIBUTED_LFS
xgboost,walk_forward,CO,63,json,models/wf/work_xgboost_co_wf_final_r1f_std/models/XGBOOST_CO_WF_seed63.metadata.json,models/xgboost/walk_forward/CO/XGBOOST_CO_WF_seed63.metadata.json,917,8a84a54dd4248e62056f8c0e5e83217bf491a11620517aec72bbb93ebef51e10,DISTRIBUTED_METADATA
xgboost,walk_forward,CO,63,ubj,models/wf/work_xgboost_co_wf_final_r1f_std/models/XGBOOST_CO_WF_seed63.ubj,models/xgboost/walk_forward/CO/XGBOOST_CO_WF_seed63.ubj,481532,c8d9cab7b273ab1beca43c328b4a5aa7446c7ac2ab0770f0b7f506293d08f420,DISTRIBUTED_LFS
xgboost,walk_forward,CO,84,json,models/wf/work_xgboost_co_wf_final_r1f_std/models/XGBOOST_CO_WF_seed84.metadata.json,models/xgboost/walk_forward/CO/XGBOOST_CO_WF_seed84.metadata.json,917,5a0235247f1f7a8e2671b8c853359e4126621a9591c3bcd910386d62de87ee78,DISTRIBUTED_METADATA
xgboost,walk_forward,CO,84,ubj,models/wf/work_xgboost_co_wf_final_r1f_std/models/XGBOOST_CO_WF_seed84.ubj,models/xgboost/walk_forward/CO/XGBOOST_CO_WF_seed84.ubj,474930,4c7818ac6810c5e7b1b4aa950796678089e599a4f3c260c237e3bb4e2a021431,DISTRIBUTED_LFS
xgboost,interpolative,NOx,105,json,models/interp/work_xgboost_nox_interp_final_r1f_std/models/XGBOOST_NOX_INTERP_seed105.metadata.json,models/xgboost/interpolative/NOx/XGBOOST_NOX_INTERP_seed105.metadata.json,569,6f0f4454d53fce0cda6a76127860fcf799923d8c356bef8e72a62d1de770d93f,DISTRIBUTED_METADATA
xgboost,interpolative,NOx,105,ubj,models/interp/work_xgboost_nox_interp_final_r1f_std/models/XGBOOST_NOX_INTERP_seed105.ubj,,133542897,bdcd9025d650944798fcfb688dc42c245cb10a5b96b1cc347e27b921ab0eead5,OMITTED_SIZE_POLICY_CATALOGUED
xgboost,interpolative,NOx,126,json,models/interp/work_xgboost_nox_interp_final_r1f_std/models/XGBOOST_NOX_INTERP_seed126.metadata.json,models/xgboost/interpolative/NOx/XGBOOST_NOX_INTERP_seed126.metadata.json,569,9684d54844120fa6dae1398a2a8bc68c765472bf6252c4716406b10f67d1990a,DISTRIBUTED_METADATA
xgboost,interpolative,NOx,126,ubj,models/interp/work_xgboost_nox_interp_final_r1f_std/models/XGBOOST_NOX_INTERP_seed126.ubj,,134191752,6f9435fe1b2df05d6f49806b571b99769e627a0f031ede3a12ea190164568ce6,OMITTED_SIZE_POLICY_CATALOGUED
xgboost,interpolative,NOx,147,json,models/interp/work_xgboost_nox_interp_final_r1f_std/models/XGBOOST_NOX_INTERP_seed147.metadata.json,models/xgboost/interpolative/NOx/XGBOOST_NOX_INTERP_seed147.metadata.json,569,4661747931d30b0fd86d9576820ca52a8bfdd61690a4aa758933b60f9421f3c6,DISTRIBUTED_METADATA
xgboost,interpolative,NOx,147,ubj,models/interp/work_xgboost_nox_interp_final_r1f_std/models/XGBOOST_NOX_INTERP_seed147.ubj,,133970546,99e2207f089b5e11cbe02edd07046303f9fbb121600800fc0bfb2a687b1d0903,OMITTED_SIZE_POLICY_CATALOGUED
xgboost,interpolative,NOx,168,json,models/interp/work_xgboost_nox_interp_final_r1f_std/models/XGBOOST_NOX_INTERP_seed168.metadata.json,models/xgboost/interpolative/NOx/XGBOOST_NOX_INTERP_seed168.metadata.json,569,7dfefdfb47f76227aa539631f709598119ea2010927cd4c9aafd619dfea0e1c4,DISTRIBUTED_METADATA
xgboost,interpolative,NOx,168,ubj,models/interp/work_xgboost_nox_interp_final_r1f_std/models/XGBOOST_NOX_INTERP_seed168.ubj,,133321961,febb151246a13def185d23361f37afe03fd38cf53525ca690eded86d20f1a251,OMITTED_SIZE_POLICY_CATALOGUED
xgboost,interpolative,NOx,189,json,models/interp/work_xgboost_nox_interp_final_r1f_std/models/XGBOOST_NOX_INTERP_seed189.metadata.json,models/xgboost/interpolative/NOx/XGBOOST_NOX_INTERP_seed189.metadata.json,569,2bbc77d0a545adc589afa83cf7dd752a82c46bc39444188af4277f681bff5399,DISTRIBUTED_METADATA
xgboost,interpolative,NOx,189,ubj,models/interp/work_xgboost_nox_interp_final_r1f_std/models/XGBOOST_NOX_INTERP_seed189.ubj,,134235888,239ac8e869b7b3764c46ec63931ed8d76bd6949db70092b7fd3cbcbfa63fa8b6,OMITTED_SIZE_POLICY_CATALOGUED
xgboost,interpolative,NOx,21,json,models/interp/work_xgboost_nox_interp_final_r1f_std/models/XGBOOST_NOX_INTERP_seed21.metadata.json,models/xgboost/interpolative/NOx/XGBOOST_NOX_INTERP_seed21.metadata.json,567,6d5d51d9f75ea862a997cc49c647af60f02ce1c86278aa62f8f4bde47f533586,DISTRIBUTED_METADATA
xgboost,interpolative,NOx,21,ubj,models/interp/work_xgboost_nox_interp_final_r1f_std/models/XGBOOST_NOX_INTERP_seed21.ubj,,133611443,df941842aaf3f8b61e92b55c375d42e3ad9d32681f25444b394d21af93b1bc25,OMITTED_SIZE_POLICY_CATALOGUED
xgboost,interpolative,NOx,210,json,models/interp/work_xgboost_nox_interp_final_r1f_std/models/XGBOOST_NOX_INTERP_seed210.metadata.json,models/xgboost/interpolative/NOx/XGBOOST_NOX_INTERP_seed210.metadata.json,569,51c522f94c1e315344c1ed98a0e209d056786fa2d99fbab4cef20e902af46637,DISTRIBUTED_METADATA
xgboost,interpolative,NOx,210,ubj,models/interp/work_xgboost_nox_interp_final_r1f_std/models/XGBOOST_NOX_INTERP_seed210.ubj,,133756556,243fa36d1530d8bb6fb7e1ce74c88381f4e4540ca1c07be12ad2e6266cea61cc,OMITTED_SIZE_POLICY_CATALOGUED
xgboost,interpolative,NOx,42,json,models/interp/work_xgboost_nox_interp_final_r1f_std/models/XGBOOST_NOX_INTERP_seed42.metadata.json,models/xgboost/interpolative/NOx/XGBOOST_NOX_INTERP_seed42.metadata.json,567,2baf00664941d3d595139ba76f4534212d728399e1529aeccf7ed6864a2bd629,DISTRIBUTED_METADATA
xgboost,interpolative,NOx,42,ubj,models/interp/work_xgboost_nox_interp_final_r1f_std/models/XGBOOST_NOX_INTERP_seed42.ubj,models/xgboost/interpolative/NOx/XGBOOST_NOX_INTERP_seed42.ubj,133653329,d4b11175fd623fb8089b70dd4650cbe25dd6bad31f0675e7e5d855ffb8eff68f,DISTRIBUTED_LFS
xgboost,interpolative,NOx,63,json,models/interp/work_xgboost_nox_interp_final_r1f_std/models/XGBOOST_NOX_INTERP_seed63.metadata.json,models/xgboost/interpolative/NOx/XGBOOST_NOX_INTERP_seed63.metadata.json,567,6e1aa22d333f4c718d916469902a83a4530e58cec72e4e54ee009b6a3e4a902b,DISTRIBUTED_METADATA
xgboost,interpolative,NOx,63,ubj,models/interp/work_xgboost_nox_interp_final_r1f_std/models/XGBOOST_NOX_INTERP_seed63.ubj,,133890240,452380227b00a0c35a1af13cf2f9758f17b68146ac994d6928c0a9615a8585bd,OMITTED_SIZE_POLICY_CATALOGUED
xgboost,interpolative,NOx,84,json,models/interp/work_xgboost_nox_interp_final_r1f_std/models/XGBOOST_NOX_INTERP_seed84.metadata.json,models/xgboost/interpolative/NOx/XGBOOST_NOX_INTERP_seed84.metadata.json,567,1715296c6eaed8a62c3368438ec78be137bb6e862b334f6d6590defc97e1dfab,DISTRIBUTED_METADATA
xgboost,interpolative,NOx,84,ubj,models/interp/work_xgboost_nox_interp_final_r1f_std/models/XGBOOST_NOX_INTERP_seed84.ubj,,134216778,9f496279523068eb490a3b699b7984844b22d8af66d56291aa7fb906daea391d,OMITTED_SIZE_POLICY_CATALOGUED
xgboost,walk_forward,NOx,105,json,models/wf/work_xgboost_nox_wf_final_r1f_std/models/XGBOOST_NOX_WF_seed105.metadata.json,models/xgboost/walk_forward/NOx/XGBOOST_NOX_WF_seed105.metadata.json,1043,80e07562f4a2618c9f609ed1d1cd5f420768d8f66d6ecc5fe86e2740bcfb29f8,DISTRIBUTED_METADATA
xgboost,walk_forward,NOx,105,ubj,models/wf/work_xgboost_nox_wf_final_r1f_std/models/XGBOOST_NOX_WF_seed105.ubj,,26429912,d8d19761f9a155129eb554835e55d0afc7ea006b25d30687f05bb03f2858cbf2,OMITTED_SIZE_POLICY_CATALOGUED
xgboost,walk_forward,NOx,126,json,models/wf/work_xgboost_nox_wf_final_r1f_std/models/XGBOOST_NOX_WF_seed126.metadata.json,models/xgboost/walk_forward/NOx/XGBOOST_NOX_WF_seed126.metadata.json,1043,1cea6ce843be0e1d63915df59b44a40f28b9a25ddfb5eec06df034a227bd45c1,DISTRIBUTED_METADATA
xgboost,walk_forward,NOx,126,ubj,models/wf/work_xgboost_nox_wf_final_r1f_std/models/XGBOOST_NOX_WF_seed126.ubj,,26646150,010345bdf45858b9b764e01fcfceff1d6eb003608125c6b6b911382b13cd6aa0,OMITTED_SIZE_POLICY_CATALOGUED
xgboost,walk_forward,NOx,147,json,models/wf/work_xgboost_nox_wf_final_r1f_std/models/XGBOOST_NOX_WF_seed147.metadata.json,models/xgboost/walk_forward/NOx/XGBOOST_NOX_WF_seed147.metadata.json,1043,a09ea23de18e734bf42efbef0e74a794faa50e55445453b814c0bd5091f26f2f,DISTRIBUTED_METADATA
xgboost,walk_forward,NOx,147,ubj,models/wf/work_xgboost_nox_wf_final_r1f_std/models/XGBOOST_NOX_WF_seed147.ubj,,26509878,2fd95d03046ea1b0536b99dace8501f9b2bb4b1a8e4bf177caa736080057bc38,OMITTED_SIZE_POLICY_CATALOGUED
xgboost,walk_forward,NOx,168,json,models/wf/work_xgboost_nox_wf_final_r1f_std/models/XGBOOST_NOX_WF_seed168.metadata.json,models/xgboost/walk_forward/NOx/XGBOOST_NOX_WF_seed168.metadata.json,1043,8d4ff5be14547df2c719c70619d07008f6e1c113b28ed3da7131541fc75001a1,DISTRIBUTED_METADATA
xgboost,walk_forward,NOx,168,ubj,models/wf/work_xgboost_nox_wf_final_r1f_std/models/XGBOOST_NOX_WF_seed168.ubj,,26616031,b7501ea0a9f904739c77bcc61ac827b5251b04c4709c6a26756d4f481a742da1,OMITTED_SIZE_POLICY_CATALOGUED
xgboost,walk_forward,NOx,189,json,models/wf/work_xgboost_nox_wf_final_r1f_std/models/XGBOOST_NOX_WF_seed189.metadata.json,models/xgboost/walk_forward/NOx/XGBOOST_NOX_WF_seed189.metadata.json,1043,b3060ecf700a5035a16008f5cb532aba64504cbea58dea3d056898ccb4896549,DISTRIBUTED_METADATA
xgboost,walk_forward,NOx,189,ubj,models/wf/work_xgboost_nox_wf_final_r1f_std/models/XGBOOST_NOX_WF_seed189.ubj,,26484445,457785ccbd29935f96458b4ae03c4eb21d6b63705fd8b635d660592dd122e0d5,OMITTED_SIZE_POLICY_CATALOGUED
xgboost,walk_forward,NOx,21,json,models/wf/work_xgboost_nox_wf_final_r1f_std/models/XGBOOST_NOX_WF_seed21.metadata.json,models/xgboost/walk_forward/NOx/XGBOOST_NOX_WF_seed21.metadata.json,1041,02512ec132fe24d2a4bc2ae5704ee5648e5200aa495f60db9693a7d4783a83ba,DISTRIBUTED_METADATA
xgboost,walk_forward,NOx,21,ubj,models/wf/work_xgboost_nox_wf_final_r1f_std/models/XGBOOST_NOX_WF_seed21.ubj,,26523415,7f47669eac3847a5f96c11bf86097172a9c1ce3efad08306c704a4a4f32e352f,OMITTED_SIZE_POLICY_CATALOGUED
xgboost,walk_forward,NOx,210,json,models/wf/work_xgboost_nox_wf_final_r1f_std/models/XGBOOST_NOX_WF_seed210.metadata.json,models/xgboost/walk_forward/NOx/XGBOOST_NOX_WF_seed210.metadata.json,1043,0f6faf8cc53e354fb414be6431c6d873e4de319a7670a9614b07d3696155bc83,DISTRIBUTED_METADATA
xgboost,walk_forward,NOx,210,ubj,models/wf/work_xgboost_nox_wf_final_r1f_std/models/XGBOOST_NOX_WF_seed210.ubj,,26604474,9b16acb21485cf3e68a35b44ca53b251cf73660c63bc3fd3356a0d5a52eaa3fc,OMITTED_SIZE_POLICY_CATALOGUED
xgboost,walk_forward,NOx,42,json,models/wf/work_xgboost_nox_wf_final_r1f_std/models/XGBOOST_NOX_WF_seed42.metadata.json,models/xgboost/walk_forward/NOx/XGBOOST_NOX_WF_seed42.metadata.json,1041,98df7f65d9d72b6275f2a0c4adc470359f0909ca0c7a2f4f4444115391972ff5,DISTRIBUTED_METADATA
xgboost,walk_forward,NOx,42,ubj,models/wf/work_xgboost_nox_wf_final_r1f_std/models/XGBOOST_NOX_WF_seed42.ubj,models/xgboost/walk_forward/NOx/XGBOOST_NOX_WF_seed42.ubj,26596589,83f083e91475b6b8575eda9988864c5f294328c0ddd3c3f9dbc46249b7ff4060,DISTRIBUTED_LFS
xgboost,walk_forward,NOx,63,json,models/wf/work_xgboost_nox_wf_final_r1f_std/models/XGBOOST_NOX_WF_seed63.metadata.json,models/xgboost/walk_forward/NOx/XGBOOST_NOX_WF_seed63.metadata.json,1041,46072ced8491bc6b5a2cda2867389865151893c1ba5fc2eb2ea2242786fe5858,DISTRIBUTED_METADATA
xgboost,walk_forward,NOx,63,ubj,models/wf/work_xgboost_nox_wf_final_r1f_std/models/XGBOOST_NOX_WF_seed63.ubj,,26514167,324fb6c551964f1274b593a66617fe788109d98820d4375db920fa78a213a1da,OMITTED_SIZE_POLICY_CATALOGUED
xgboost,walk_forward,NOx,84,json,models/wf/work_xgboost_nox_wf_final_r1f_std/models/XGBOOST_NOX_WF_seed84.metadata.json,models/xgboost/walk_forward/NOx/XGBOOST_NOX_WF_seed84.metadata.json,1041,4bcbd7cf7954b6c1203c840a83ba439cee22ad4d9c99f9784f53bdb20f6ef110,DISTRIBUTED_METADATA
xgboost,walk_forward,NOx,84,ubj,models/wf/work_xgboost_nox_wf_final_r1f_std/models/XGBOOST_NOX_WF_seed84.ubj,,26527146,74be55ce7b0e150d31b6a9323cb38aece1b93e1ae4cc58cb2c9d34a502529d7c,OMITTED_SIZE_POLICY_CATALOGUED
