candidate,trial_number,config_hash,status,fold,seed,N_train,N_validation,train_signature,validation_signature,worker_pid,worker_wall_time_s,worker_peak_gpu_allocated_gb,worker_peak_gpu_reserved_gb,worker_runtime_signature,worker_tf32_matmul,worker_tf32_cudnn,worker_deterministic_algorithms,worker_inner_threads,R2,RMSE,MAE,NRMSE_range,NRMSE_std,bias,residual_std,pearson_r,slope,intercept,negative_prediction_pct,val_data_loss,val_physics_loss,val_total_loss,active_cdp_pcd_pct,active_cdp_violation_pct,active_cdp_near_zero_pct,dCO_dCDP_phys_mean,dCO_dCDP_phys_median,dCO_dCDP_phys_q05,dCO_dCDP_phys_q95,g_star_cdp_mean,g_star_cdp_median,g_star_cdp_q05,g_star_cdp_q95,diagnostic_only_tit_negative_gradient_pct,diagnostic_only_tit_positive_gradient_pct,diagnostic_only_tit_near_zero_pct,diagnostic_only_dCO_dTIT_median,physics_mode,best_epoch,parameter_count,training_time_s,requested_batch_size,effective_batch_size,requested_max_epochs,physics_warmup_epochs,effective_min_epochs,stopped_epoch,stop_reason,use_lbfgs,lbfgs_outer_steps_executed,physics_evaluation_rows,physics_evaluation_sampling,physical_scale_cdp_delta_x,physical_scale_co_delta_y,synthetic_attempted,synthetic_accepted,synthetic_acceptance_pct
MLP_CO_INTERP_R5_MATCHED_ABLATION,89,d8c74cd850f3a586ebbb54ec7d109cae5d3d17a8e5c8621d53c6b57b7e1a38c5,COMPLETE,0,21,25813,4032,81354305b7b8066000bae764cd84c6a44c1e035572eb00baa18e30401895a2a4,6d4d4bf8c14384a72deec9ae950f7dbc99365946e460adffb80cf5c9ed8ff111,29356,10.44037070000195,0.07366418838500977,0.091796875,14269c18e6a56f09985dea654338c0b32f5e417a5600e334e252b0c1bbf8bd28,True,True,True,1,0.8336325261022506,0.6324412119651612,0.41332152886036694,0.02810413320124715,0.40783110735140016,-0.007023210892853852,0.6324806521394225,0.9159317218657385,0.9054724395932372,0.18612138362732913,0.0,0.07536846399307251,0.06610627472400665,0.07536846399307251,59.66796875,40.33203125,0.0,-0.037360288202762604,-0.05524184927344322,-0.7349598407745361,0.7947506308555603,-0.0224120132625103,-0.03313896059989929,-0.44089412689208984,0.47676193714141846,55.517578125,44.482421875,0.0,-0.016976967453956604,NONE,80,62977,10.440018900000723,1024,1024,500,125,125,140,EARLY_STOPPING,False,0,2048,deterministic_evenly_spaced_full_fold,3.6649999618530273,6.109466117620462,0,0,0.0
MLP_CO_INTERP_R5_MATCHED_ABLATION,89,d8c74cd850f3a586ebbb54ec7d109cae5d3d17a8e5c8621d53c6b57b7e1a38c5,COMPLETE,1,21,27493,2352,db92a7db6dfa639d2026ff19c5b1159be2b53d1e09d9e6a72b1b767a05c21400,2ea764e1783688df4d4bc4d6bc4b7c6a52ae545bfb933c403a7aa96e5d21a797,29356,13.831341999997676,0.06545352935791016,0.072265625,14269c18e6a56f09985dea654338c0b32f5e417a5600e334e252b0c1bbf8bd28,True,True,True,1,0.7230408596774616,0.968808639173755,0.47827591517857804,0.02658418938964675,0.5261571871465853,-0.09885709130737398,0.9639567045203694,0.8523728875081943,0.7476767483925183,0.47215031940512797,0.0,0.0933692678809166,0.018096141517162323,0.0933692678809166,50.5859375,49.4140625,0.0,-0.0456925630569458,-0.004681238904595375,-0.6215890645980835,0.46558693051338196,-0.027782000601291656,-0.002846287563443184,-0.3779386878013611,0.28308621048927307,39.306640625,60.693359375,0.0,0.04069789871573448,NONE,125,62977,13.83095570000296,1024,1024,500,125,125,185,EARLY_STOPPING,False,0,2048,deterministic_evenly_spaced_full_fold,3.6464000701904276,5.997169941663727,0,0,0.0
MLP_CO_INTERP_R5_MATCHED_ABLATION,89,d8c74cd850f3a586ebbb54ec7d109cae5d3d17a8e5c8621d53c6b57b7e1a38c5,COMPLETE,2,21,26989,2856,424f72a3df11b24bdd551a74968aa5efe8f47b52221df203d3bd3ed6f8a96c5a,f1c78e2ff146b5069b0310a8b0222fe8d495ed8d7dbf78dc149a7df8702a8f3a,29356,13.791349400002218,0.06728887557983398,0.072265625,14269c18e6a56f09985dea654338c0b32f5e417a5600e334e252b0c1bbf8bd28,True,True,True,1,0.7807511618318811,0.8010925082112726,0.45774254125884684,0.041867560841403716,0.4681581681094968,-0.020814359915920167,0.8009622951141402,0.884583213405181,0.8177410404001456,0.3690465240055225,0.0,0.09138941019773483,0.022634629160165787,0.09138941019773483,62.060546875,37.939453125,0.0,-0.03588636964559555,-0.07498064637184143,-0.5402330756187439,0.6254004836082458,-0.0218393225222826,-0.04563087224960327,-0.32876890897750854,0.38059914112091064,57.470703125,42.529296875,0.0,-0.02182169072329998,NONE,130,62977,13.791018800002348,1024,1024,500,125,125,190,EARLY_STOPPING,False,0,2048,deterministic_evenly_spaced_full_fold,3.663600349426268,6.020027899742124,0,0,0.0
MLP_CO_INTERP_R5_MATCHED_ABLATION,89,d8c74cd850f3a586ebbb54ec7d109cae5d3d17a8e5c8621d53c6b57b7e1a38c5,COMPLETE,3,21,26466,3379,ad1e190147cfc7079fe69ab58be273b0089b28a9cb71d4377b9a01145e874910,b3de2bff6a2b887166deba8883b54b43de7150168fdd2094f9852f380bd9133e,29356,7.314044600003399,0.0706033706665039,0.072265625,14269c18e6a56f09985dea654338c0b32f5e417a5600e334e252b0c1bbf8bd28,True,True,True,1,0.7493699130546307,1.0626576413321203,0.4844571202884006,0.03252143121520889,0.5005556053900898,-0.011579939008960663,1.0627518152664266,0.8661621987490712,0.7251738706915378,0.5931300214659081,0.0,0.09971664100885391,0.02486150525510311,0.09971664100885391,47.36328125,52.63671875,0.0,0.01715296506881714,0.010079143568873405,-0.5051526427268982,0.5835244655609131,0.010476343333721161,0.006155938841402531,-0.3085270822048187,0.3563934564590454,46.630859375,53.369140625,0.0,0.007458658888936043,NONE,70,62977,7.3137223000012455,1024,1024,500,125,125,130,EARLY_STOPPING,False,0,2048,deterministic_evenly_spaced_full_fold,3.652750015258789,5.9806626215577126,0,0,0.0
MLP_CO_INTERP_R5_MATCHED_ABLATION,89,d8c74cd850f3a586ebbb54ec7d109cae5d3d17a8e5c8621d53c6b57b7e1a38c5,COMPLETE,4,21,27061,2784,2cf8e61e68345fca034455d14ca0a91ba8af3af3a30bcfad11a389cf00a64d26,e85c7d3201b31d98e24a7a8ea73439fb69c13286f849eaf6812d38684b5bedb5,29356,7.359630400002061,0.06731700897216797,0.072265625,14269c18e6a56f09985dea654338c0b32f5e417a5600e334e252b0c1bbf8bd28,True,True,True,1,0.7552093730507353,0.871108256250105,0.4532383153706052,0.027335398957941633,0.49467433659079046,-0.04222467167681149,0.8702405969631495,0.8694034224252659,0.7635300978894336,0.4511192199937104,0.0,0.08633069694042206,0.015122316777706146,0.08633069694042206,66.650390625,33.349609375,0.0,-0.12396794557571411,-0.09524773806333542,-0.7779638171195984,0.37833741307258606,-0.07520890235900879,-0.05778491869568825,-0.47197526693344116,0.22952982783317566,52.490234375,47.509765625,0.0,-0.005381060764193535,NONE,65,62977,7.359301900003629,1024,1024,500,125,125,125,EARLY_STOPPING,False,0,2048,deterministic_evenly_spaced_full_fold,3.65000057220459,6.01635006070137,0,0,0.0
MLP_CO_INTERP_R5_MATCHED_ABLATION,89,d8c74cd850f3a586ebbb54ec7d109cae5d3d17a8e5c8621d53c6b57b7e1a38c5,COMPLETE,0,42,25813,4032,81354305b7b8066000bae764cd84c6a44c1e035572eb00baa18e30401895a2a4,6d4d4bf8c14384a72deec9ae950f7dbc99365946e460adffb80cf5c9ed8ff111,29356,7.266785100000561,0.07366418838500977,0.091796875,14269c18e6a56f09985dea654338c0b32f5e417a5600e334e252b0c1bbf8bd28,True,True,True,1,0.832393043474681,0.6347927691058324,0.41453727808841484,0.028208630621499718,0.40934751414864223,-0.019615192576667242,0.634568336911426,0.9136404093518559,0.7920245718052008,0.40533314604534837,0.0,0.07608044147491455,0.0739864706993103,0.07608044147491455,23.6328125,76.3671875,0.0,0.2417009472846985,0.283316433429718,-0.5803179144859314,0.904685914516449,0.14499369263648987,0.16995833814144135,-0.3481261730194092,0.5427109003067017,80.859375,19.140625,0.0,-0.06130252778530121,NONE,25,62977,7.266447300004074,1024,1024,500,125,125,125,EARLY_STOPPING,False,0,2048,deterministic_evenly_spaced_full_fold,3.6649999618530273,6.109466117620462,0,0,0.0
MLP_CO_INTERP_R5_MATCHED_ABLATION,89,d8c74cd850f3a586ebbb54ec7d109cae5d3d17a8e5c8621d53c6b57b7e1a38c5,COMPLETE,1,42,27493,2352,db92a7db6dfa639d2026ff19c5b1159be2b53d1e09d9e6a72b1b767a05c21400,2ea764e1783688df4d4bc4d6bc4b7c6a52ae545bfb933c403a7aa96e5d21a797,29356,12.44963939999434,0.06545352935791016,0.072265625,14269c18e6a56f09985dea654338c0b32f5e417a5600e334e252b0c1bbf8bd28,True,True,True,1,0.7264775836550603,0.9627790109348907,0.474018325042423,0.026418735890813547,0.5228825133819024,-0.06898489091260245,0.960508594832274,0.853344123765614,0.7433259024115397,0.511868482398195,0.0,0.09457134455442429,0.02945009618997574,0.09457134455442429,51.806640625,48.193359375,0.0,0.004627611488103867,-0.008601479232311249,-0.4820927381515503,0.4640883505344391,0.0028136800974607468,-0.005229872185736895,-0.2931220829486847,0.28217506408691406,41.943359375,58.056640625,0.0,0.021616773679852486,NONE,130,62977,12.449195200002578,1024,1024,500,125,125,190,EARLY_STOPPING,False,0,2048,deterministic_evenly_spaced_full_fold,3.6464000701904276,5.997169941663727,0,0,0.0
MLP_CO_INTERP_R5_MATCHED_ABLATION,89,d8c74cd850f3a586ebbb54ec7d109cae5d3d17a8e5c8621d53c6b57b7e1a38c5,COMPLETE,2,42,26989,2856,424f72a3df11b24bdd551a74968aa5efe8f47b52221df203d3bd3ed6f8a96c5a,f1c78e2ff146b5069b0310a8b0222fe8d495ed8d7dbf78dc149a7df8702a8f3a,29356,11.55628109999816,0.06728887557983398,0.072265625,14269c18e6a56f09985dea654338c0b32f5e417a5600e334e252b0c1bbf8bd28,True,True,True,1,0.7722308116832114,0.8165099980697825,0.4684465265642403,0.042673326327981764,0.47716814353059156,-0.026204942892558602,0.8162322914035534,0.8793939962326948,0.7992480856637764,0.40321328128622375,0.0,0.09480933099985123,0.02853754162788391,0.09480933099985123,57.861328125,42.138671875,0.0,-0.02055816352367401,-0.04852549731731415,-0.5571468472480774,0.588732898235321,-0.012511054053902626,-0.029531098902225494,-0.3390621244907379,0.3582844138145447,58.3984375,41.6015625,0.0,-0.020914476364850998,NONE,105,62977,11.55593829999998,1024,1024,500,125,125,165,EARLY_STOPPING,False,0,2048,deterministic_evenly_spaced_full_fold,3.663600349426268,6.020027899742124,0,0,0.0
MLP_CO_INTERP_R5_MATCHED_ABLATION,89,d8c74cd850f3a586ebbb54ec7d109cae5d3d17a8e5c8621d53c6b57b7e1a38c5,COMPLETE,3,42,26466,3379,ad1e190147cfc7079fe69ab58be273b0089b28a9cb71d4377b9a01145e874910,b3de2bff6a2b887166deba8883b54b43de7150168fdd2094f9852f380bd9133e,29356,9.299672199995257,0.0706033706665039,0.072265625,14269c18e6a56f09985dea654338c0b32f5e417a5600e334e252b0c1bbf8bd28,True,True,True,1,0.7391886635429036,1.0840267504346708,0.49684333117959134,0.03317540854975072,0.510621337689408,-0.04411466473709865,1.0832890605034005,0.860619108829847,0.7128490360598324,0.587714079100006,0.0,0.10302332043647766,0.028662055730819702,0.10302332043647766,62.255859375,37.744140625,0.0,-0.1501370370388031,-0.14321008324623108,-0.9014297127723694,0.6128971576690674,-0.09169770777225494,-0.0874670147895813,-0.5505573153495789,0.37433311343193054,49.31640625,50.68359375,0.0,0.001985235372558236,NONE,70,62977,9.29929959999572,1024,1024,500,125,125,130,EARLY_STOPPING,False,0,2048,deterministic_evenly_spaced_full_fold,3.652750015258789,5.9806626215577126,0,0,0.0
MLP_CO_INTERP_R5_MATCHED_ABLATION,89,d8c74cd850f3a586ebbb54ec7d109cae5d3d17a8e5c8621d53c6b57b7e1a38c5,COMPLETE,4,42,27061,2784,2cf8e61e68345fca034455d14ca0a91ba8af3af3a30bcfad11a389cf00a64d26,e85c7d3201b31d98e24a7a8ea73439fb69c13286f849eaf6812d38684b5bedb5,29356,10.316157799999928,0.06731700897216797,0.072265625,14269c18e6a56f09985dea654338c0b32f5e417a5600e334e252b0c1bbf8bd28,True,True,True,1,0.7500130628645227,0.8803054597625287,0.47234592659427516,0.027624007435137952,0.49989713239527933,0.0503686457945903,0.8790211854565338,0.8665754510519209,0.7605065586737171,0.5500205055827743,0.0,0.09364493936300278,0.022543814033269882,0.09364493936300278,71.044921875,28.955078125,0.0,-0.2215011715888977,-0.1689256727695465,-1.2071021795272827,0.3380963206291199,-0.13438038527965546,-0.10248386859893799,-0.73232501745224,0.20511634647846222,57.91015625,42.08984375,0.0,-0.023457545787096024,NONE,80,62977,10.31580610000674,1024,1024,500,125,125,140,EARLY_STOPPING,False,0,2048,deterministic_evenly_spaced_full_fold,3.65000057220459,6.01635006070137,0,0,0.0
MLP_CO_INTERP_R5_MATCHED_ABLATION,89,d8c74cd850f3a586ebbb54ec7d109cae5d3d17a8e5c8621d53c6b57b7e1a38c5,COMPLETE,0,84,25813,4032,81354305b7b8066000bae764cd84c6a44c1e035572eb00baa18e30401895a2a4,6d4d4bf8c14384a72deec9ae950f7dbc99365946e460adffb80cf5c9ed8ff111,29356,8.711698099999921,0.07366418838500977,0.091796875,14269c18e6a56f09985dea654338c0b32f5e417a5600e334e252b0c1bbf8bd28,True,True,True,1,0.8540810262721286,0.5923001386720265,0.3919897254602383,0.02632036255295893,0.3819460478997168,-0.00010065771771007262,0.5923735937012633,0.9241766219049519,0.8498273758930599,0.3067413941278571,0.0,0.06993909180164337,0.1860554814338684,0.06993909180164337,28.515625,71.484375,0.0,0.3116047978401184,0.3410106897354126,-0.9599606990814209,1.2641119956970215,0.18692821264266968,0.20456846058368683,-0.575869619846344,0.758326530456543,71.38671875,28.61328125,0.0,-0.052584368735551834,NONE,30,62977,8.711318599998776,1024,1024,500,125,125,125,EARLY_STOPPING,False,0,2048,deterministic_evenly_spaced_full_fold,3.6649999618530273,6.109466117620462,0,0,0.0
MLP_CO_INTERP_R5_MATCHED_ABLATION,89,d8c74cd850f3a586ebbb54ec7d109cae5d3d17a8e5c8621d53c6b57b7e1a38c5,COMPLETE,1,84,27493,2352,db92a7db6dfa639d2026ff19c5b1159be2b53d1e09d9e6a72b1b767a05c21400,2ea764e1783688df4d4bc4d6bc4b7c6a52ae545bfb933c403a7aa96e5d21a797,29356,9.496975800000655,0.06545352935791016,0.072265625,14269c18e6a56f09985dea654338c0b32f5e417a5600e334e252b0c1bbf8bd28,True,True,True,1,0.7159202172706356,0.9811836782608622,0.49874693546982696,0.02692376148829825,0.5328780353034044,-0.027526079732481213,0.981006063982483,0.8462568349402826,0.7183631907588512,0.6098178993958804,0.0,0.09682013839483261,0.0456293486058712,0.09682013839483261,41.552734375,58.447265625,0.0,0.006946131587028503,0.08498106151819229,-0.9189105033874512,0.6128201484680176,0.004223398864269257,0.051670193672180176,-0.5587161183357239,0.3726069927215576,57.373046875,42.626953125,0.0,-0.01713649556040764,NONE,75,62977,9.49659850000171,1024,1024,500,125,125,135,EARLY_STOPPING,False,0,2048,deterministic_evenly_spaced_full_fold,3.6464000701904276,5.997169941663727,0,0,0.0
MLP_CO_INTERP_R5_MATCHED_ABLATION,89,d8c74cd850f3a586ebbb54ec7d109cae5d3d17a8e5c8621d53c6b57b7e1a38c5,COMPLETE,2,84,26989,2856,424f72a3df11b24bdd551a74968aa5efe8f47b52221df203d3bd3ed6f8a96c5a,f1c78e2ff146b5069b0310a8b0222fe8d495ed8d7dbf78dc149a7df8702a8f3a,29356,14.753226100001484,0.06728887557983398,0.072265625,14269c18e6a56f09985dea654338c0b32f5e417a5600e334e252b0c1bbf8bd28,True,True,True,1,0.7785581724652909,0.8050889175613668,0.46125793735906273,0.04207642549797855,0.4704936682685649,-0.01201353124825477,0.8051402479227456,0.8832124851368192,0.8137749525171232,0.3863310098342948,0.0,0.09353981912136078,0.033283382654190063,0.09353981912136078,57.2265625,42.7734375,0.0,-0.03973671793937683,-0.04972127825021744,-0.743558406829834,0.6983509063720703,-0.024182520806789398,-0.03025881201028824,-0.4525063633918762,0.42499449849128723,57.763671875,42.236328125,0.0,-0.023381993174552917,NONE,145,62977,14.752872800003388,1024,1024,500,125,125,205,EARLY_STOPPING,False,0,2048,deterministic_evenly_spaced_full_fold,3.663600349426268,6.020027899742124,0,0,0.0
MLP_CO_INTERP_R5_MATCHED_ABLATION,89,d8c74cd850f3a586ebbb54ec7d109cae5d3d17a8e5c8621d53c6b57b7e1a38c5,COMPLETE,3,84,26466,3379,ad1e190147cfc7079fe69ab58be273b0089b28a9cb71d4377b9a01145e874910,b3de2bff6a2b887166deba8883b54b43de7150168fdd2094f9852f380bd9133e,29356,9.927644499999587,0.0706033706665039,0.072265625,14269c18e6a56f09985dea654338c0b32f5e417a5600e334e252b0c1bbf8bd28,True,True,True,1,0.7500204859546717,1.0612775486843362,0.47843344003129484,0.032479195045844636,0.49990552479598616,-0.0544450012698777,1.060036945004056,0.8664199067434046,0.7487335476059216,0.49842574241892185,0.0,0.09754692018032074,0.04377133399248123,0.09754692018032074,51.806640625,48.193359375,0.0,0.01794356107711792,-0.012962302193045616,-0.6360416412353516,0.6995254755020142,0.0109592005610466,-0.007916856557130814,-0.388468861579895,0.427242249250412,50.78125,49.21875,0.0,-0.0021171504631638527,NONE,70,62977,9.927308400001493,1024,1024,500,125,125,130,EARLY_STOPPING,False,0,2048,deterministic_evenly_spaced_full_fold,3.652750015258789,5.9806626215577126,0,0,0.0
MLP_CO_INTERP_R5_MATCHED_ABLATION,89,d8c74cd850f3a586ebbb54ec7d109cae5d3d17a8e5c8621d53c6b57b7e1a38c5,COMPLETE,4,84,27061,2784,2cf8e61e68345fca034455d14ca0a91ba8af3af3a30bcfad11a389cf00a64d26,e85c7d3201b31d98e24a7a8ea73439fb69c13286f849eaf6812d38684b5bedb5,29356,9.549628399996436,0.06731700897216797,0.072265625,14269c18e6a56f09985dea654338c0b32f5e417a5600e334e252b0c1bbf8bd28,True,True,True,1,0.7465682944796121,0.8863499218960694,0.4586202737745403,0.027813682808687696,0.5033295878616398,-0.09095037488880515,0.8818296503011348,0.8659041890550258,0.7294216599444706,0.4735534799076062,0.0,0.0855376124382019,0.05279238894581795,0.0855376124382019,49.072265625,50.927734375,0.0,-0.06293030083179474,0.010884074494242668,-1.1778744459152222,0.6592804789543152,-0.03817857801914215,0.006603152956813574,-0.7145931124687195,0.39997243881225586,60.302734375,39.697265625,0.0,-0.03936983644962311,NONE,50,62977,9.549209099997825,1024,1024,500,125,125,125,EARLY_STOPPING,False,0,2048,deterministic_evenly_spaced_full_fold,3.65000057220459,6.01635006070137,0,0,0.0
MLP_CO_INTERP_R5_MATCHED_ABLATION,89,d8c74cd850f3a586ebbb54ec7d109cae5d3d17a8e5c8621d53c6b57b7e1a38c5,COMPLETE,0,126,25813,4032,81354305b7b8066000bae764cd84c6a44c1e035572eb00baa18e30401895a2a4,6d4d4bf8c14384a72deec9ae950f7dbc99365946e460adffb80cf5c9ed8ff111,29356,9.505931100000453,0.07366418838500977,0.091796875,14269c18e6a56f09985dea654338c0b32f5e417a5600e334e252b0c1bbf8bd28,True,True,True,1,0.8398469096181349,0.6205168979976616,0.4211127824432518,0.02757424599317798,0.4001416872475771,0.04040672318464319,0.6192767010071646,0.9176946925459611,0.8792994289191077,0.28702964203980547,0.0,0.07559896260499954,0.12013669312000275,0.07559896260499954,18.5546875,81.4453125,0.0,0.36429399251937866,0.2986142635345459,-0.21823814511299133,1.0294032096862793,0.2185359001159668,0.17913533747196198,-0.13091860711574554,0.6175273656845093,91.6015625,8.3984375,0.0,-0.05476103350520134,NONE,25,62977,9.505600700002105,1024,1024,500,125,125,125,EARLY_STOPPING,False,0,2048,deterministic_evenly_spaced_full_fold,3.6649999618530273,6.109466117620462,0,0,0.0
MLP_CO_INTERP_R5_MATCHED_ABLATION,89,d8c74cd850f3a586ebbb54ec7d109cae5d3d17a8e5c8621d53c6b57b7e1a38c5,COMPLETE,1,126,27493,2352,db92a7db6dfa639d2026ff19c5b1159be2b53d1e09d9e6a72b1b767a05c21400,2ea764e1783688df4d4bc4d6bc4b7c6a52ae545bfb933c403a7aa96e5d21a797,29356,17.702641500000027,0.06545352935791016,0.072265625,14269c18e6a56f09985dea654338c0b32f5e417a5600e334e252b0c1bbf8bd28,True,True,True,1,0.72324348775327,0.9684541757882148,0.4811005561317944,0.02657446288495648,0.5259646791007845,-0.06869883580469102,0.9662198979589148,0.8512820261825258,0.7303892292078978,0.5414302234454125,0.0,0.09750233590602875,0.03389142453670502,0.09750233590602875,59.814453125,40.185546875,0.0,-0.016182655468583107,-0.058571673929691315,-0.5425337553024292,0.6150164604187012,-0.009839382022619247,-0.03561275452375412,-0.32987144589424133,0.37394240498542786,41.943359375,58.056640625,0.0,0.026655808091163635,NONE,160,62977,17.702278099997784,1024,1024,500,125,125,220,EARLY_STOPPING,False,0,2048,deterministic_evenly_spaced_full_fold,3.6464000701904276,5.997169941663727,0,0,0.0
MLP_CO_INTERP_R5_MATCHED_ABLATION,89,d8c74cd850f3a586ebbb54ec7d109cae5d3d17a8e5c8621d53c6b57b7e1a38c5,COMPLETE,2,126,26989,2856,424f72a3df11b24bdd551a74968aa5efe8f47b52221df203d3bd3ed6f8a96c5a,f1c78e2ff146b5069b0310a8b0222fe8d495ed8d7dbf78dc149a7df8702a8f3a,29356,13.863079599999764,0.06728887557983398,0.072265625,14269c18e6a56f09985dea654338c0b32f5e417a5600e334e252b0c1bbf8bd28,True,True,True,1,0.7871744087095097,0.7892706335005927,0.4569568328627226,0.04124971327244566,0.46124946886260243,-0.019272943116014914,0.7891734612614741,0.8873819926955082,0.7981503485429494,0.41249339478611285,0.0,0.08868388831615448,0.03779400885105133,0.08868388831615448,51.5625,48.4375,0.0,0.0075175706297159195,-0.010862107388675213,-0.6076224446296692,0.7212665677070618,0.004574958235025406,-0.006610338110476732,-0.3697800040245056,0.43894022703170776,62.40234375,37.59765625,0.0,-0.03175797313451767,NONE,125,62977,13.862655400000222,1024,1024,500,125,125,185,EARLY_STOPPING,False,0,2048,deterministic_evenly_spaced_full_fold,3.663600349426268,6.020027899742124,0,0,0.0
MLP_CO_INTERP_R5_MATCHED_ABLATION,89,d8c74cd850f3a586ebbb54ec7d109cae5d3d17a8e5c8621d53c6b57b7e1a38c5,COMPLETE,3,126,26466,3379,ad1e190147cfc7079fe69ab58be273b0089b28a9cb71d4377b9a01145e874910,b3de2bff6a2b887166deba8883b54b43de7150168fdd2094f9852f380bd9133e,29356,12.0623121000026,0.0706033706665039,0.072265625,14269c18e6a56f09985dea654338c0b32f5e417a5600e334e252b0c1bbf8bd28,True,True,True,1,0.7507969963863386,1.0596279454042066,0.47444272297325984,0.03242871080941655,0.4991284935712319,-0.07796071888939234,1.0569125314502363,0.8676609372544246,0.7300513708368789,0.516017100040104,0.0,0.09466063976287842,0.030543144792318344,0.09466063976287842,51.5625,48.4375,0.0,0.021938323974609375,-0.007162186317145824,-0.4310445189476013,0.5725260376930237,0.013399055227637291,-0.004374377429485321,-0.26326480507850647,0.3496760427951813,61.376953125,38.623046875,0.0,-0.024233607575297356,NONE,100,62977,12.061967199995706,1024,1024,500,125,125,160,EARLY_STOPPING,False,0,2048,deterministic_evenly_spaced_full_fold,3.652750015258789,5.9806626215577126,0,0,0.0
MLP_CO_INTERP_R5_MATCHED_ABLATION,89,d8c74cd850f3a586ebbb54ec7d109cae5d3d17a8e5c8621d53c6b57b7e1a38c5,COMPLETE,4,126,27061,2784,2cf8e61e68345fca034455d14ca0a91ba8af3af3a30bcfad11a389cf00a64d26,e85c7d3201b31d98e24a7a8ea73439fb69c13286f849eaf6812d38684b5bedb5,29356,10.255460499996843,0.06731700897216797,0.072265625,14269c18e6a56f09985dea654338c0b32f5e417a5600e334e252b0c1bbf8bd28,True,True,True,1,0.7517143393230358,0.8773049035787384,0.46275568599209704,0.027529849906735328,0.4981932131304001,0.017068366358321273,0.8772964260170008,0.8670771436358148,0.7551192527399184,0.5279596881299464,0.0,0.08658716827630997,0.03547713905572891,0.08658716827630997,60.83984375,39.16015625,0.0,-0.09493166953325272,-0.11664997041225433,-0.7907338738441467,0.5397542119026184,-0.05759316682815552,-0.07076922804117203,-0.4797225892543793,0.3274582028388977,60.44921875,39.55078125,0.0,-0.021281570196151733,NONE,70,62977,10.25508329999866,1024,1024,500,125,125,130,EARLY_STOPPING,False,0,2048,deterministic_evenly_spaced_full_fold,3.65000057220459,6.01635006070137,0,0,0.0
MLP_CO_INTERP_R5_MATCHED_ABLATION,89,d8c74cd850f3a586ebbb54ec7d109cae5d3d17a8e5c8621d53c6b57b7e1a38c5,COMPLETE,0,168,25813,4032,81354305b7b8066000bae764cd84c6a44c1e035572eb00baa18e30401895a2a4,6d4d4bf8c14384a72deec9ae950f7dbc99365946e460adffb80cf5c9ed8ff111,29356,9.02322699999786,0.07366418838500977,0.091796875,14269c18e6a56f09985dea654338c0b32f5e417a5600e334e252b0c1bbf8bd28,True,True,True,1,0.8404778208880026,0.6192934516468916,0.4159289026028423,0.027519879044035342,0.39935274517584024,0.10052314080934997,0.6111563747091789,0.9192087933259371,0.8300100803889312,0.44785712419489354,0.0,0.07805489003658295,0.17502334713935852,0.07805489003658295,27.880859375,72.119140625,0.0,0.3290528655052185,0.26291316747665405,-0.6135720610618591,1.4313621520996094,0.19739513099193573,0.15771865844726562,-0.3680749535560608,0.8586580753326416,74.267578125,25.732421875,0.0,-0.047012872993946075,NONE,30,62977,9.0228575000001,1024,1024,500,125,125,125,EARLY_STOPPING,False,0,2048,deterministic_evenly_spaced_full_fold,3.6649999618530273,6.109466117620462,0,0,0.0
MLP_CO_INTERP_R5_MATCHED_ABLATION,89,d8c74cd850f3a586ebbb54ec7d109cae5d3d17a8e5c8621d53c6b57b7e1a38c5,COMPLETE,1,168,27493,2352,db92a7db6dfa639d2026ff19c5b1159be2b53d1e09d9e6a72b1b767a05c21400,2ea764e1783688df4d4bc4d6bc4b7c6a52ae545bfb933c403a7aa96e5d21a797,29356,9.641663700000208,0.06545352935791016,0.072265625,14269c18e6a56f09985dea654338c0b32f5e417a5600e334e252b0c1bbf8bd28,True,True,True,1,0.714479049136301,0.9836693563393396,0.4948576993394491,0.026991968700876674,0.5342279999228766,-0.05055261907471838,0.9825784040654093,0.8466386592286583,0.7502780566948137,0.514568032059759,0.0,0.09572122246026993,0.0594545379281044,0.09572122246026993,49.951171875,50.048828125,0.0,-0.07719021290540695,0.0010236729867756367,-1.1443572044372559,0.7818389534950256,-0.046933189034461975,0.000622413819655776,-0.6957921981811523,0.4753738045692444,51.904296875,48.095703125,0.0,-0.005182198248803616,NONE,60,62977,9.641273799999908,1024,1024,500,125,125,125,EARLY_STOPPING,False,0,2048,deterministic_evenly_spaced_full_fold,3.6464000701904276,5.997169941663727,0,0,0.0
MLP_CO_INTERP_R5_MATCHED_ABLATION,89,d8c74cd850f3a586ebbb54ec7d109cae5d3d17a8e5c8621d53c6b57b7e1a38c5,COMPLETE,2,168,26989,2856,424f72a3df11b24bdd551a74968aa5efe8f47b52221df203d3bd3ed6f8a96c5a,f1c78e2ff146b5069b0310a8b0222fe8d495ed8d7dbf78dc149a7df8702a8f3a,29356,9.891076899999462,0.06728887557983398,0.072265625,14269c18e6a56f09985dea654338c0b32f5e417a5600e334e252b0c1bbf8bd28,True,True,True,1,0.7763487461757967,0.80909531892753,0.4773571063954832,0.042285812368076055,0.4728350077581606,0.00561574670415716,0.8092175120178219,0.8815247466417931,0.8008438870060678,0.43162047327912073,0.0,0.09535343945026398,0.14246734976768494,0.09535343945026398,34.033203125,65.966796875,0.0,0.2420145720243454,0.14918270707130432,-0.6697641611099243,1.4063398838043213,0.1472824662923813,0.09078791737556458,-0.40759748220443726,0.8558543920516968,65.869140625,34.08203125,0.048828125,-0.07654865086078644,NONE,55,62977,9.890722899996035,1024,1024,500,125,125,125,EARLY_STOPPING,False,0,2048,deterministic_evenly_spaced_full_fold,3.663600349426268,6.020027899742124,0,0,0.0
MLP_CO_INTERP_R5_MATCHED_ABLATION,89,d8c74cd850f3a586ebbb54ec7d109cae5d3d17a8e5c8621d53c6b57b7e1a38c5,COMPLETE,3,168,26466,3379,ad1e190147cfc7079fe69ab58be273b0089b28a9cb71d4377b9a01145e874910,b3de2bff6a2b887166deba8883b54b43de7150168fdd2094f9852f380bd9133e,29356,9.395082600000023,0.0706033706665039,0.072265625,14269c18e6a56f09985dea654338c0b32f5e417a5600e334e252b0c1bbf8bd28,True,True,True,1,0.7475551663029887,1.0664979149582812,0.4847779021408806,0.03263895843161719,0.5023645327577008,0.00484437410366967,1.0666447586165142,0.8646410491544755,0.7418838411323255,0.5727867768859307,0.0,0.10283928364515305,0.055071473121643066,0.10283928364515305,53.41796875,46.58203125,0.0,-0.02285056561231613,-0.021546486765146255,-0.8343555927276611,0.8301798701286316,-0.013956211507320404,-0.013159734196960926,-0.5095911026000977,0.5070407390594482,55.224609375,44.775390625,0.0,-0.017771821469068527,NONE,60,62977,9.394700899996678,1024,1024,500,125,125,125,EARLY_STOPPING,False,0,2048,deterministic_evenly_spaced_full_fold,3.652750015258789,5.9806626215577126,0,0,0.0
MLP_CO_INTERP_R5_MATCHED_ABLATION,89,d8c74cd850f3a586ebbb54ec7d109cae5d3d17a8e5c8621d53c6b57b7e1a38c5,COMPLETE,4,168,27061,2784,2cf8e61e68345fca034455d14ca0a91ba8af3af3a30bcfad11a389cf00a64d26,e85c7d3201b31d98e24a7a8ea73439fb69c13286f849eaf6812d38684b5bedb5,29356,11.51611679999769,0.06731700897216797,0.072265625,14269c18e6a56f09985dea654338c0b32f5e417a5600e334e252b0c1bbf8bd28,True,True,True,1,0.7469115858327913,0.8857494063167629,0.4780080717194731,0.027794838614727847,0.502988574395547,0.07515129272372899,0.8827140949169596,0.8664846492085113,0.7901436501699491,0.5129716977430518,0.0,0.09205799549818039,0.01875888928771019,0.09205799549818039,63.4765625,36.5234375,0.0,-0.10228324681520462,-0.09365016222000122,-0.6920960545539856,0.35457921028137207,-0.06205322593450546,-0.056815698742866516,-0.4198809862136841,0.21511618793010712,43.65234375,56.34765625,0.0,0.01976921409368515,NONE,90,62977,11.515714099994511,1024,1024,500,125,125,150,EARLY_STOPPING,False,0,2048,deterministic_evenly_spaced_full_fold,3.65000057220459,6.01635006070137,0,0,0.0
