trial,step,folds_completed,screening_score,screening_pcd_min,decision,reason,fold_trainings_avoided
0,2,2,-0.1010922974902237,46.77734375,PROMOTED_AFTER_TWO_FOLDS,passed_median_pruner,0
2,2,2,-0.1010922974902237,46.77734375,PROMOTED_AFTER_TWO_FOLDS,passed_median_pruner,0
3,2,2,-0.2695636387479305,47.75390625,PROMOTED_AFTER_TWO_FOLDS,passed_median_pruner,0
3,5,5,-0.2695636387479305,47.75390625,COMPLETE_FIVE_FOLDS,promotion_completed,0
4,2,2,-0.0537641359745823,75.439453125,PROMOTED_AFTER_TWO_FOLDS,passed_median_pruner,0
4,5,5,-0.0537641359745823,75.439453125,COMPLETE_FIVE_FOLDS,promotion_completed,0
5,2,2,0.7135021684980812,97.75390625,PROMOTED_AFTER_TWO_FOLDS,passed_median_pruner,0
5,5,5,0.7135021684980812,97.75390625,COMPLETE_FIVE_FOLDS,promotion_completed,0
7,2,2,-0.0948932913643982,46.77734375,PROMOTED_AFTER_TWO_FOLDS,passed_median_pruner,0
8,2,2,-0.2694167090808049,47.75390625,PROMOTED_AFTER_TWO_FOLDS,passed_median_pruner,0
8,5,5,-0.2694167090808049,47.75390625,COMPLETE_FIVE_FOLDS,promotion_completed,0
9,2,2,-0.0537777846271105,75.439453125,PROMOTED_AFTER_TWO_FOLDS,passed_median_pruner,0
9,5,5,-0.0537777846271105,75.439453125,COMPLETE_FIVE_FOLDS,promotion_completed,0
10,2,2,0.7134880617181861,97.75390625,PROMOTED_AFTER_TWO_FOLDS,passed_median_pruner,0
10,5,5,0.7134880617181861,97.75390625,COMPLETE_FIVE_FOLDS,promotion_completed,0
11,2,2,0.6840214709517478,92.3828125,PROMOTED_AFTER_TWO_FOLDS,passed_median_pruner,0
11,5,5,0.6840214709517478,92.3828125,COMPLETE_FIVE_FOLDS,promotion_completed,0
12,2,2,0.7295694120270361,100.0,PROMOTED_AFTER_TWO_FOLDS,passed_median_pruner,0
12,5,5,0.7295694120270361,100.0,COMPLETE_FIVE_FOLDS,promotion_completed,0
13,2,2,0.7674999708562095,96.97265625,PROMOTED_AFTER_TWO_FOLDS,passed_median_pruner,0
13,5,5,0.7674999708562095,96.97265625,COMPLETE_FIVE_FOLDS,promotion_completed,0
14,2,2,0.8150898287564894,79.931640625,PROMOTED_AFTER_TWO_FOLDS,passed_median_pruner,0
14,5,5,0.8150898287564894,79.931640625,COMPLETE_FIVE_FOLDS,promotion_completed,0
15,2,2,0.5824551933930957,88.96484375,PROMOTED_AFTER_TWO_FOLDS,passed_median_pruner,0
15,5,5,0.5824551933930957,88.96484375,COMPLETE_FIVE_FOLDS,promotion_completed,0
16,2,2,0.8297592377202153,95.8984375,PROMOTED_AFTER_TWO_FOLDS,passed_median_pruner,0
16,5,5,0.8297592377202153,95.8984375,COMPLETE_FIVE_FOLDS,promotion_completed,0
17,2,2,-0.0200303879546457,90.52734375,PROMOTED_AFTER_TWO_FOLDS,passed_median_pruner,0
17,5,5,-0.0200303879546457,90.52734375,COMPLETE_FIVE_FOLDS,promotion_completed,0
18,2,2,0.4575726058098504,100.0,PROMOTED_AFTER_TWO_FOLDS,passed_median_pruner,0
18,5,5,0.4575726058098504,100.0,COMPLETE_FIVE_FOLDS,promotion_completed,0
19,2,2,-0.1382282882513597,48.974609375,PROMOTED_AFTER_TWO_FOLDS,passed_median_pruner,0
19,5,5,-0.1382282882513597,48.974609375,COMPLETE_FIVE_FOLDS,promotion_completed,0
20,2,2,0.7636967884868894,99.951171875,PROMOTED_AFTER_TWO_FOLDS,passed_median_pruner,0
20,5,5,0.7636967884868894,99.951171875,COMPLETE_FIVE_FOLDS,promotion_completed,0
21,2,2,0.733258788549994,99.853515625,PROMOTED_AFTER_TWO_FOLDS,passed_median_pruner,0
21,5,5,0.733258788549994,99.853515625,COMPLETE_FIVE_FOLDS,promotion_completed,0
22,2,2,0.719135090166993,100.0,PROMOTED_AFTER_TWO_FOLDS,passed_median_pruner,0
22,5,5,0.719135090166993,100.0,COMPLETE_FIVE_FOLDS,promotion_completed,0
23,2,2,-0.0998057711480724,48.095703125,PROMOTED_AFTER_TWO_FOLDS,passed_median_pruner,0
23,5,5,-0.0998057711480724,48.095703125,COMPLETE_FIVE_FOLDS,promotion_completed,0
24,2,2,-0.1892175134614428,49.90234375,PROMOTED_AFTER_TWO_FOLDS,passed_median_pruner,0
24,5,5,-0.1892175134614428,49.90234375,COMPLETE_FIVE_FOLDS,promotion_completed,0
25,2,2,0.7223791072144262,99.4140625,PROMOTED_AFTER_TWO_FOLDS,passed_median_pruner,0
25,5,5,0.7223791072144262,99.4140625,COMPLETE_FIVE_FOLDS,promotion_completed,0
26,2,2,0.824481648146318,98.388671875,PROMOTED_AFTER_TWO_FOLDS,passed_median_pruner,0
26,5,5,0.824481648146318,98.388671875,COMPLETE_FIVE_FOLDS,promotion_completed,0
27,2,2,0.7588638329088437,100.0,PROMOTED_AFTER_TWO_FOLDS,passed_median_pruner,0
27,5,5,0.7588638329088437,100.0,COMPLETE_FIVE_FOLDS,promotion_completed,0
28,2,2,-0.2146603762112406,66.50390625,PROMOTED_AFTER_TWO_FOLDS,passed_median_pruner,0
28,5,5,-0.2146603762112406,66.50390625,COMPLETE_FIVE_FOLDS,promotion_completed,0
29,2,2,0.4454653200576745,69.3359375,PROMOTED_AFTER_TWO_FOLDS,passed_median_pruner,0
29,5,5,0.4454653200576745,69.3359375,COMPLETE_FIVE_FOLDS,promotion_completed,0
30,2,2,0.820249269354558,77.099609375,PROMOTED_AFTER_TWO_FOLDS,passed_median_pruner,0
30,5,5,0.820249269354558,77.099609375,COMPLETE_FIVE_FOLDS,promotion_completed,0
31,2,2,0.8095766584030419,86.62109375,PROMOTED_AFTER_TWO_FOLDS,passed_median_pruner,0
31,5,5,0.8095766584030419,86.62109375,COMPLETE_FIVE_FOLDS,promotion_completed,0
32,2,2,0.801346340124857,69.3359375,PROMOTED_AFTER_TWO_FOLDS,passed_median_pruner,0
32,5,5,0.801346340124857,69.3359375,COMPLETE_FIVE_FOLDS,promotion_completed,0
33,2,2,0.8076132370431476,73.095703125,PROMOTED_AFTER_TWO_FOLDS,passed_median_pruner,0
33,5,5,0.8076132370431476,73.095703125,COMPLETE_FIVE_FOLDS,promotion_completed,0
34,2,2,0.8081292444765346,99.90234375,PROMOTED_AFTER_TWO_FOLDS,passed_median_pruner,0
34,5,5,0.8081292444765346,99.90234375,COMPLETE_FIVE_FOLDS,promotion_completed,0
35,2,2,-0.0134884814778941,86.5234375,PRUNED_AFTER_TWO_FOLDS,median_pruner,3
36,2,2,0.8244369141414004,82.861328125,PROMOTED_AFTER_TWO_FOLDS,passed_median_pruner,0
36,5,5,0.8244369141414004,82.861328125,COMPLETE_FIVE_FOLDS,promotion_completed,0
37,2,2,0.8101066829809168,100.0,PROMOTED_AFTER_TWO_FOLDS,passed_median_pruner,0
37,5,5,0.8101066829809168,100.0,COMPLETE_FIVE_FOLDS,promotion_completed,0
38,2,2,-0.0387782960762922,89.16015625,PRUNED_AFTER_TWO_FOLDS,median_pruner,3
39,2,2,0.7332744614936745,100.0,PROMOTED_AFTER_TWO_FOLDS,passed_median_pruner,0
39,5,5,0.7332744614936745,100.0,COMPLETE_FIVE_FOLDS,promotion_completed,0
40,2,2,0.8305293796411763,85.546875,PROMOTED_AFTER_TWO_FOLDS,passed_median_pruner,0
40,5,5,0.8305293796411763,85.546875,COMPLETE_FIVE_FOLDS,promotion_completed,0
41,2,2,0.8110151258703598,76.7578125,PROMOTED_AFTER_TWO_FOLDS,passed_median_pruner,0
41,5,5,0.8110151258703598,76.7578125,COMPLETE_FIVE_FOLDS,promotion_completed,0
42,2,2,0.7881420335937788,79.98046875,PROMOTED_AFTER_TWO_FOLDS,passed_median_pruner,0
42,5,5,0.7881420335937788,79.98046875,COMPLETE_FIVE_FOLDS,promotion_completed,0
43,2,2,0.761151517891889,99.365234375,PROMOTED_AFTER_TWO_FOLDS,passed_median_pruner,0
43,5,5,0.761151517891889,99.365234375,COMPLETE_FIVE_FOLDS,promotion_completed,0
44,2,2,0.800068628890335,62.01171875,PROMOTED_AFTER_TWO_FOLDS,passed_median_pruner,0
44,5,5,0.800068628890335,62.01171875,COMPLETE_FIVE_FOLDS,promotion_completed,0
45,2,2,0.7906596453514174,100.0,PROMOTED_AFTER_TWO_FOLDS,passed_median_pruner,0
45,5,5,0.7906596453514174,100.0,COMPLETE_FIVE_FOLDS,promotion_completed,0
46,2,2,0.702491952486622,100.0,PRUNED_AFTER_TWO_FOLDS,median_pruner,3
47,2,2,0.7776089651939824,84.130859375,PROMOTED_AFTER_TWO_FOLDS,passed_median_pruner,0
48,2,2,0.815091628013917,74.560546875,PROMOTED_AFTER_TWO_FOLDS,passed_median_pruner,0
48,5,5,0.815091628013917,74.560546875,COMPLETE_FIVE_FOLDS,promotion_completed,0
49,2,2,0.7053442697448812,73.681640625,PRUNED_AFTER_TWO_FOLDS,median_pruner,3
50,2,2,0.8059256316688417,99.8046875,PROMOTED_AFTER_TWO_FOLDS,passed_median_pruner,0
50,5,5,0.8059256316688417,99.8046875,COMPLETE_FIVE_FOLDS,promotion_completed,0
51,2,2,-0.0112414054439787,91.552734375,PRUNED_AFTER_TWO_FOLDS,median_pruner,3
52,2,2,0.795762947060206,56.005859375,PROMOTED_AFTER_TWO_FOLDS,passed_median_pruner,0
52,5,5,0.795762947060206,56.005859375,COMPLETE_FIVE_FOLDS,promotion_completed,0
53,2,2,0.8102251488580604,71.142578125,PROMOTED_AFTER_TWO_FOLDS,passed_median_pruner,0
54,2,2,0.7784405148888376,82.568359375,PROMOTED_AFTER_TWO_FOLDS,passed_median_pruner,0
54,5,5,0.7784405148888376,82.568359375,COMPLETE_FIVE_FOLDS,promotion_completed,0
55,2,2,0.7650372359302349,92.724609375,PROMOTED_AFTER_TWO_FOLDS,passed_median_pruner,0
55,5,5,0.7650372359302349,92.724609375,COMPLETE_FIVE_FOLDS,promotion_completed,0
56,2,2,0.8089953214813134,75.0,PROMOTED_AFTER_TWO_FOLDS,passed_median_pruner,0
56,5,5,0.8089953214813134,75.0,COMPLETE_FIVE_FOLDS,promotion_completed,0
57,2,2,-0.0390691051337936,100.0,PRUNED_AFTER_TWO_FOLDS,median_pruner,3
58,2,2,0.8138563603478238,74.31640625,PROMOTED_AFTER_TWO_FOLDS,passed_median_pruner,0
58,5,5,0.8138563603478238,74.31640625,COMPLETE_FIVE_FOLDS,promotion_completed,0
59,2,2,0.8120063246218419,73.046875,PROMOTED_AFTER_TWO_FOLDS,passed_median_pruner,0
59,5,5,0.8120063246218419,73.046875,COMPLETE_FIVE_FOLDS,promotion_completed,0
60,2,2,-0.0207881276310555,100.0,PRUNED_AFTER_TWO_FOLDS,median_pruner,3
61,2,2,0.7784053735826565,75.0,PROMOTED_AFTER_TWO_FOLDS,passed_median_pruner,0
61,5,5,0.7784053735826565,75.0,COMPLETE_FIVE_FOLDS,promotion_completed,0
62,2,2,0.7391225025979273,100.0,PRUNED_AFTER_TWO_FOLDS,median_pruner,3
63,2,2,0.7273828481245557,100.0,PRUNED_AFTER_TWO_FOLDS,median_pruner,3
64,2,2,-0.1875323785612573,49.267578125,PRUNED_AFTER_TWO_FOLDS,median_pruner,3
65,2,2,0.8161257430022393,72.509765625,PROMOTED_AFTER_TWO_FOLDS,passed_median_pruner,0
65,5,5,0.8161257430022393,72.509765625,COMPLETE_FIVE_FOLDS,promotion_completed,0
66,2,2,0.7582634278536758,78.02734375,PRUNED_AFTER_TWO_FOLDS,median_pruner,3
67,2,2,0.8081373505892936,84.375,PROMOTED_AFTER_TWO_FOLDS,passed_median_pruner,0
67,5,5,0.8081373505892936,84.375,COMPLETE_FIVE_FOLDS,promotion_completed,0
68,2,2,0.8185768794428175,67.96875,PROMOTED_AFTER_TWO_FOLDS,passed_median_pruner,0
68,5,5,0.8185768794428175,67.96875,COMPLETE_FIVE_FOLDS,promotion_completed,0
69,2,2,0.8212924014163335,85.009765625,PROMOTED_AFTER_TWO_FOLDS,passed_median_pruner,0
69,5,5,0.8212924014163335,85.009765625,COMPLETE_FIVE_FOLDS,promotion_completed,0
70,2,2,0.8110215399924485,83.935546875,PROMOTED_AFTER_TWO_FOLDS,passed_median_pruner,0
70,5,5,0.8110215399924485,83.935546875,COMPLETE_FIVE_FOLDS,promotion_completed,0
71,2,2,0.8064310973452604,83.3984375,PROMOTED_AFTER_TWO_FOLDS,passed_median_pruner,0
71,5,5,0.8064310973452604,83.3984375,COMPLETE_FIVE_FOLDS,promotion_completed,0
72,2,2,0.8050233891906954,72.65625,PROMOTED_AFTER_TWO_FOLDS,passed_median_pruner,0
72,5,5,0.8050233891906954,72.65625,COMPLETE_FIVE_FOLDS,promotion_completed,0
73,2,2,0.8117479463449104,80.859375,PROMOTED_AFTER_TWO_FOLDS,passed_median_pruner,0
73,5,5,0.8117479463449104,80.859375,COMPLETE_FIVE_FOLDS,promotion_completed,0
74,2,2,0.7927325284533514,57.861328125,PROMOTED_AFTER_TWO_FOLDS,passed_median_pruner,0
74,5,5,0.7927325284533514,57.861328125,COMPLETE_FIVE_FOLDS,promotion_completed,0
75,2,2,0.8153864098167201,72.265625,PROMOTED_AFTER_TWO_FOLDS,passed_median_pruner,0
75,5,5,0.8153864098167201,72.265625,COMPLETE_FIVE_FOLDS,promotion_completed,0
76,2,2,0.7952002377054022,86.328125,PROMOTED_AFTER_TWO_FOLDS,passed_median_pruner,0
76,5,5,0.7952002377054022,86.328125,COMPLETE_FIVE_FOLDS,promotion_completed,0
77,2,2,0.7917793185463531,98.779296875,PRUNED_AFTER_TWO_FOLDS,median_pruner,3
78,2,2,0.8182357514148012,94.091796875,PROMOTED_AFTER_TWO_FOLDS,passed_median_pruner,0
78,5,5,0.8182357514148012,94.091796875,COMPLETE_FIVE_FOLDS,promotion_completed,0
79,2,2,0.7868155178156547,99.462890625,PRUNED_AFTER_TWO_FOLDS,median_pruner,3
80,2,2,0.7576538802594938,100.0,PRUNED_AFTER_TWO_FOLDS,median_pruner,3
81,2,2,0.8169839503064413,94.04296875,PROMOTED_AFTER_TWO_FOLDS,passed_median_pruner,0
81,5,5,0.8169839503064413,94.04296875,COMPLETE_FIVE_FOLDS,promotion_completed,0
82,2,2,0.8161183996608499,91.259765625,PROMOTED_AFTER_TWO_FOLDS,passed_median_pruner,0
82,5,5,0.8161183996608499,91.259765625,COMPLETE_FIVE_FOLDS,promotion_completed,0
83,2,2,0.790582545575622,100.0,PRUNED_AFTER_TWO_FOLDS,median_pruner,3
84,2,2,0.8119281131165182,98.14453125,PROMOTED_AFTER_TWO_FOLDS,passed_median_pruner,0
84,5,5,0.8119281131165182,98.14453125,COMPLETE_FIVE_FOLDS,promotion_completed,0
85,2,2,0.8099011092710253,100.0,PROMOTED_AFTER_TWO_FOLDS,passed_median_pruner,0
85,5,5,0.8099011092710253,100.0,COMPLETE_FIVE_FOLDS,promotion_completed,0
86,2,2,0.6954182246408946,76.611328125,PRUNED_AFTER_TWO_FOLDS,median_pruner,3
87,2,2,0.7774150861777082,91.11328125,PRUNED_AFTER_TWO_FOLDS,median_pruner,3
88,2,2,0.8269004422008213,86.669921875,PROMOTED_AFTER_TWO_FOLDS,passed_median_pruner,0
88,5,5,0.8269004422008213,86.669921875,COMPLETE_FIVE_FOLDS,promotion_completed,0
89,2,2,0.8182827130267338,94.7265625,PROMOTED_AFTER_TWO_FOLDS,passed_median_pruner,0
89,5,5,0.8182827130267338,94.7265625,COMPLETE_FIVE_FOLDS,promotion_completed,0
90,2,2,0.8091119130902292,81.8359375,PROMOTED_AFTER_TWO_FOLDS,passed_median_pruner,0
90,5,5,0.8091119130902292,81.8359375,COMPLETE_FIVE_FOLDS,promotion_completed,0
91,2,2,0.8151260091612018,86.767578125,PROMOTED_AFTER_TWO_FOLDS,passed_median_pruner,0
91,5,5,0.8151260091612018,86.767578125,COMPLETE_FIVE_FOLDS,promotion_completed,0
92,2,2,0.8117060869177914,90.380859375,PROMOTED_AFTER_TWO_FOLDS,passed_median_pruner,0
92,5,5,0.8117060869177914,90.380859375,COMPLETE_FIVE_FOLDS,promotion_completed,0
93,2,2,0.8042555803145156,85.693359375,PRUNED_AFTER_TWO_FOLDS,median_pruner,3
94,2,2,0.7279145732834937,90.8203125,PRUNED_AFTER_TWO_FOLDS,median_pruner,3
95,2,2,0.7236741977529049,61.42578125,PRUNED_AFTER_TWO_FOLDS,median_pruner,3
96,2,2,0.8099354311188371,89.74609375,PROMOTED_AFTER_TWO_FOLDS,passed_median_pruner,0
96,5,5,0.8099354311188371,89.74609375,COMPLETE_FIVE_FOLDS,promotion_completed,0
97,2,2,0.8165799443685499,99.951171875,PROMOTED_AFTER_TWO_FOLDS,passed_median_pruner,0
97,5,5,0.8165799443685499,99.951171875,COMPLETE_FIVE_FOLDS,promotion_completed,0
98,2,2,0.8229474618578649,83.642578125,PROMOTED_AFTER_TWO_FOLDS,passed_median_pruner,0
98,5,5,0.8229474618578649,83.642578125,COMPLETE_FIVE_FOLDS,promotion_completed,0
99,2,2,0.8266440045151884,84.716796875,PROMOTED_AFTER_TWO_FOLDS,passed_median_pruner,0
99,5,5,0.8266440045151884,84.716796875,COMPLETE_FIVE_FOLDS,promotion_completed,0
100,2,2,0.8166886596401032,71.630859375,PROMOTED_AFTER_TWO_FOLDS,passed_median_pruner,0
100,5,5,0.8166886596401032,71.630859375,COMPLETE_FIVE_FOLDS,promotion_completed,0
101,2,2,0.8184490212182887,76.7578125,PROMOTED_AFTER_TWO_FOLDS,passed_median_pruner,0
101,5,5,0.8184490212182887,76.7578125,COMPLETE_FIVE_FOLDS,promotion_completed,0
102,2,2,0.807671635026125,85.15625,PROMOTED_AFTER_TWO_FOLDS,passed_median_pruner,0
102,5,5,0.807671635026125,85.15625,COMPLETE_FIVE_FOLDS,promotion_completed,0
103,2,2,0.8170447646537288,86.62109375,PROMOTED_AFTER_TWO_FOLDS,passed_median_pruner,0
103,5,5,0.8170447646537288,86.62109375,COMPLETE_FIVE_FOLDS,promotion_completed,0
104,2,2,0.8066537097764033,99.90234375,PRUNED_AFTER_TWO_FOLDS,median_pruner,3
105,2,2,0.7426724717508119,70.01953125,PRUNED_AFTER_TWO_FOLDS,median_pruner,3
106,2,2,0.8112260390464265,75.732421875,PROMOTED_AFTER_TWO_FOLDS,passed_median_pruner,0
106,5,5,0.8112260390464265,75.732421875,COMPLETE_FIVE_FOLDS,promotion_completed,0
107,2,2,0.7308119828091001,100.0,PRUNED_AFTER_TWO_FOLDS,median_pruner,3
108,2,2,0.8171494923112242,74.853515625,PROMOTED_AFTER_TWO_FOLDS,passed_median_pruner,0
108,5,5,0.8171494923112242,74.853515625,COMPLETE_FIVE_FOLDS,promotion_completed,0
109,2,2,0.8184695648326936,72.55859375,PROMOTED_AFTER_TWO_FOLDS,passed_median_pruner,0
109,5,5,0.8184695648326936,72.55859375,COMPLETE_FIVE_FOLDS,promotion_completed,0
110,2,2,0.8095987592068887,64.2578125,PROMOTED_AFTER_TWO_FOLDS,passed_median_pruner,0
110,5,5,0.8095987592068887,64.2578125,COMPLETE_FIVE_FOLDS,promotion_completed,0
111,2,2,0.7964704034325026,74.70703125,PRUNED_AFTER_TWO_FOLDS,median_pruner,3
112,2,2,0.820478009034782,84.08203125,PROMOTED_AFTER_TWO_FOLDS,passed_median_pruner,0
112,5,5,0.820478009034782,84.08203125,COMPLETE_FIVE_FOLDS,promotion_completed,0
113,2,2,0.8030862091572006,86.376953125,PRUNED_AFTER_TWO_FOLDS,median_pruner,3
114,2,2,0.7836101709296286,87.40234375,PRUNED_AFTER_TWO_FOLDS,median_pruner,3
115,2,2,0.8190516589301728,100.0,PROMOTED_AFTER_TWO_FOLDS,passed_median_pruner,0
115,5,5,0.8190516589301728,100.0,COMPLETE_FIVE_FOLDS,promotion_completed,0
116,2,2,0.8033993474946934,79.638671875,PRUNED_AFTER_TWO_FOLDS,median_pruner,3
117,2,2,0.8139967990375293,90.673828125,PROMOTED_AFTER_TWO_FOLDS,passed_median_pruner,0
117,5,5,0.8139967990375293,90.673828125,COMPLETE_FIVE_FOLDS,promotion_completed,0
118,2,2,0.7483968461460291,99.853515625,PRUNED_AFTER_TWO_FOLDS,median_pruner,3
119,2,2,0.809805812486141,79.58984375,PROMOTED_AFTER_TWO_FOLDS,passed_median_pruner,0
119,5,5,0.809805812486141,79.58984375,COMPLETE_FIVE_FOLDS,promotion_completed,0
120,2,2,0.7663489272457817,52.099609375,PRUNED_AFTER_TWO_FOLDS,median_pruner,3
121,2,2,0.814504285943967,84.9609375,PROMOTED_AFTER_TWO_FOLDS,passed_median_pruner,0
121,5,5,0.814504285943967,84.9609375,COMPLETE_FIVE_FOLDS,promotion_completed,0
122,2,2,0.8093209990336047,80.37109375,PRUNED_AFTER_TWO_FOLDS,median_pruner,3
123,2,2,0.8190455038659435,83.30078125,PROMOTED_AFTER_TWO_FOLDS,passed_median_pruner,0
123,5,5,0.8190455038659435,83.30078125,COMPLETE_FIVE_FOLDS,promotion_completed,0
