rank,trial_number,candidate,objective,physics_level,physics_admissible,R2_min,R2_median,R2_mean,R2_std,RMSE_mean,MAE_mean,bias_abs_mean,active_tit_pcd_min,active_tit_pcd_mean,parameter_count,training_time_s,config_hash
1,37,TRIAL_0037_TIT_INC,0.7600093893815681,A,True,0.7285277503260073,0.8212220303609943,0.810991831286082,0.04573053050942731,4.597092445842824,3.1079629752967244,0.6297548329485702,99.8046875,99.9609375,69187,2878.1000667999906,b2effe24f47ab2b0a8e7bbb6cb4aeac6a601b1caffd75283004c2363db1f19c3
2,115,TRIAL_0115_TIT_INC,0.7476672578182966,A,True,0.7072934081803671,0.8258500385682153,0.8104710306703706,0.055109017274254185,4.588685148688467,3.050830611740941,0.45398491534008956,100.0,100.0,22867,1791.9743688999988,107abe0327aa09bda8ddf23992b3ac18a17bbb218666e2ab40a63f75e5a717cb
3,85,TRIAL_0085_TIT_INC,0.7407498891671255,A,True,0.6968586421387605,0.8260990455026518,0.8043193006679694,0.056269398337232324,4.665737063718888,3.1423173083559774,0.6449623170572001,100.0,100.0,76291,585.5363042999998,9b19a31b3f1d7e611a13df5ecc1b0c799254e6653ca791a00ded85a1f8f3b50f
4,84,TRIAL_0084_TIT_INC,0.7403056371349651,B,True,0.7047481208906841,0.8080756827893847,0.8010222728810887,0.050681675243696454,4.717037028341908,3.179009724014852,0.6411977419526934,98.14453125,99.111328125,60993,523.5379740999997,b0958ec2e4c2fc1f8f040b6ca499671a0cc4cb45589f26832629efc87c8a70d6
5,16,TRIAL_0016_TIT_INC,0.7345385805792957,B,True,0.6854933534484368,0.829532980382192,0.8073645236539939,0.06353777969823353,4.616107398050559,3.082725737619504,0.5580813636631785,95.8984375,98.369140625,77251,4044.8049477999884,209004995936c11ee9cb9a7b72a69a74e201cbf76f58cf4703af4086cc34f32c
6,26,TRIAL_0026_TIT_INC,0.7334097968418954,B,True,0.687211108355026,0.8220610812525986,0.807724325258184,0.0630762507271812,4.612989862193642,3.002074438714368,0.5591706705160946,98.388671875,99.111328125,27153,3797.332736199998,c0329e5d931ce57b8b806cb1677110e1035572af399e0467f35f690a6fcea7a2
7,97,TRIAL_0097_TIT_INC,0.7275684289264139,A,True,0.6832630046112398,0.812164798088873,0.8019660453198993,0.06235417798981824,4.6876190660570165,3.0503780301161925,0.6121764408579154,99.755859375,99.94140625,21427,628.1529637000003,7d419aaa070a59f604811df8af2b919bb4fd608469d96eaaf6ddaad93b18a06f
8,50,TRIAL_0050_TIT_INC,0.7270929221745384,A,True,0.6798913797377193,0.8188816172319687,0.791667921546864,0.056731829923701384,4.81958860660958,3.2394161852938153,0.49546621061675494,99.8046875,99.9609375,31091,414.4994286000001,6d119b94e333d95eb361a125f1379aae2dd993c577cc2a851d7920f5fe1b8e26
9,34,TRIAL_0034_TIT_INC,0.7257209433157013,A,True,0.6767780902710444,0.8203127280165434,0.8013005558723814,0.06569784839126666,4.688721832912102,3.0320957537947044,0.3960936417436399,99.755859375,99.912109375,46131,961.5083835999831,daa54199ea3b51a1bd86a7e949a99c7c417bd7f7c6d97041e55fdc0fd1f62e1c
10,13,TRIAL_0013_TIT_INC,0.6938684097693637,B,True,0.6515220679430688,0.7755252047388482,0.7657600522187082,0.06278397640002824,5.111184717120664,3.5373504319306277,0.7558203947464726,96.97265625,99.140625,29089,368.95083609998983,dce066e22e96d84b3e3e01fbe07e6232bff7a03e7cf2d9c8c1c3a9c962be403a
11,20,TRIAL_0020_TIT_INC,0.679575460593849,A,True,0.6403599573694506,0.7569334083518766,0.7448482535356442,0.06205361686948769,5.344613527942752,3.8559161599375584,0.9623308362660914,99.951171875,99.98046875,41763,531.9714545999886,e276e4a4c47806c422ea58c6e632f1374736b93e1e6f1cb44c0b4af5bd4b0ea4
12,45,TRIAL_0045_TIT_INC,0.6684345338181484,A,True,0.6043824112262293,0.7912287151126403,0.7683423773596638,0.08397765187347636,5.0461874581731525,3.337777319023341,0.6729427176937839,100.0,100.0,50659,533.088751999996,63fd88de6832ca39c021fab157bbe4a7ab12abb4298d12f2da697d0718d0f3a7
13,10,TRIAL_0010_TIT_INC,0.6553006021795492,B,True,0.6211517756695213,0.7213425054481496,0.7218823416449627,0.059814490211046005,5.588257960742502,3.8912712028002674,0.9381540365773396,95.849609375,97.490234375,54915,71.80118850000144,015cb7d3f7e397431918c5477e78e4845ffcfd0eebca9148c12b78daf894c556
14,5,TRIAL_0005_TIT_INC,0.6552985200691464,B,True,0.6211456990963187,0.7213471371803927,0.7218879693173544,0.059818374744980495,5.5881972268484885,3.8914368631264544,0.9386837007894411,95.849609375,97.509765625,54915,36.28407189999416,4b28088b1d02aadc2a68a0f02112af7473574bad20ffa6242b1c1bc0752e8d76
15,12,TRIAL_0012_TIT_INC,0.6469563826753042,A,True,0.6002067462760478,0.7369420110358087,0.730807577965567,0.07331026197623738,5.478588318469861,3.744736771253926,0.8895713946133508,99.853515625,99.951171875,8193,47.913363800005754,09bb45c04bca104fa533b2e0580364a749bd622d665cf9604e19ca58aab570d8
16,25,TRIAL_0025_TIT_INC,0.6449234079432838,A,True,0.5953723819828171,0.7409165673825575,0.7212029906875849,0.0669529052993217,5.580737099592989,3.872765296241384,0.6021009164398261,99.4140625,99.755859375,76195,384.66823710002063,724b4ce6f70d5b74f723bb7930e8afcedec99a91103566a70c829ae30d562623
17,43,TRIAL_0043_TIT_INC,0.6352933737500304,B,True,0.5586294757973295,0.783916054244856,0.7483993781381123,0.09899065815635402,5.241888513058529,3.4892308421497185,0.8822488156269165,98.4375,99.541015625,42723,1724.2732981000008,d007aef698fbd3f03fe0ef0521b4f4c371fb53ca79c71ed71d049312402152cf
18,39,TRIAL_0039_TIT_INC,0.6337954781563643,A,True,0.5815234044266864,0.7338779532373956,0.7235230248368987,0.07634252954556074,5.5513761624039635,3.7714329159869764,1.1252928497129386,100.0,100.0,70787,3653.464314099998,50b9cf94cc1ba3eebd9ed041a8ced9fddcb83cc93b1ee1d967b5a4f13f7c9d17
19,21,TRIAL_0021_TIT_INC,0.6198569696156657,A,True,0.5644258734907439,0.725289033137054,0.7197342012057183,0.08358684540468608,5.582908274108665,3.8485999811332627,0.49342576442985137,99.853515625,99.951171875,56993,24.45273930001713,e74e18958f685d5bd23b5fe598097e2ad83d41f6ed099eac3abd324adb0d5eab
20,27,TRIAL_0027_TIT_INC,0.6170043624153784,A,True,0.5445501045343275,0.7572001825723043,0.7323699899277408,0.10122754069683404,5.4154356021960055,3.5698380627938926,1.1550266139275756,100.0,100.0,9379,1640.1983096000185,d716c861460567bd4f0d4ed8b15e45f6058058fbc8765684fb7dc5524afeb60f
21,22,TRIAL_0022_TIT_INC,0.5980090266234397,A,True,0.540009871417747,0.708971373928289,0.7033143065659966,0.09019739062294789,5.743515832200166,3.907561908310593,0.9213822887036972,100.0,100.0,93025,54.96085210000456,b58129b93ad36d8e4a14eb4ca4278ca166de1a6fd996ae232150002365effa99
22,18,TRIAL_0018_TIT_INC,0.41189276444442585,A,True,0.3653770158675306,0.5054020114048987,0.4839842209452848,0.0735247059209061,7.629314652297492,5.661263142790736,1.234804918677074,100.0,100.0,53315,740.9461792000075,5bc1dd0d8c500d8e39a578e7781401b15e069c8836fee836d4e9101bd9121d89
23,68,TRIAL_0068_TIT_INC,0.785581590872164,C,False,0.7609273662690814,0.8332007426347928,0.8264177488413722,0.03576826563860027,4.4127405927190235,2.9385247295117347,0.49491038874747406,50.830078125,66.083984375,55921,485.0969126,4c1ce1e9786913c87b7d05a52b7a446e565b81647549cce7af32167b0c2c8ccf
24,88,TRIAL_0088_TIT_INC,0.7789755355678638,C,False,0.7530840551687329,0.8305067996934852,0.8181912502375933,0.038460624651808356,4.518874255503938,2.9960333298085975,0.5187103345146252,86.669921875,89.0625,106449,313.2080896999996,0cb2542017267b8e151f1698cdf06714568f059b932100f275afd6d573c347b5
25,123,TRIAL_0123_TIT_INC,0.7682257615206508,C,False,0.7400628670492206,0.8240099862905982,0.8139923584621822,0.04414190442279212,4.56306249739316,3.1055675362913453,0.40809387360664956,83.30078125,84.130859375,17153,350.47114650000367,b7d5bdfd0337a09ee681628c2175183da0039545623f4fae1fe41bb6abcec1ea
26,121,TRIAL_0121_TIT_INC,0.7612691954060522,C,False,0.7322640367721994,0.8171125145210443,0.8126598007403967,0.04488961087620424,4.578671630167156,3.055131571702952,0.4468920386864948,79.638671875,83.8671875,6657,330.7748559000065,c3759d2ea47dc2516b54c298857eed6562b9c5060da143326a776cd8ca57822e
27,69,TRIAL_0069_TIT_INC,0.7586280202437122,C,False,0.7238114548401064,0.8261576692836509,0.8122107957759098,0.04727233023037815,4.580253171150936,3.0137053005376657,0.45483900635116675,81.591796875,85.0390625,89905,376.3031801999987,daeb0ea448993866f4d625334ee1ffb2923582d07ec14ce0c807781b9c6e32b4
28,78,TRIAL_0078_TIT_INC,0.7582570115384768,C,False,0.727228146488024,0.8175380140860655,0.8135279734382559,0.04694077923982896,4.566077877505371,3.0178398991552844,0.4587933532116876,94.091796875,97.177734375,83729,350.5017295999987,309551c91076011bb1107d901fdb34a947f3aa7bb174cfb9cc07204f9114e0c1
29,82,TRIAL_0082_TIT_INC,0.7576913938548077,C,False,0.7246936025653179,0.8213274977660426,0.8121916548168221,0.04742182495877966,4.5797711905666985,3.07547392471517,0.6452092562475851,79.58984375,87.392578125,33537,385.3542587000029,0e05c969c454ff8d00689b8d8df0efcad97c5da6186d72a239ca15e0b9506adc
30,106,TRIAL_0106_TIT_INC,0.7572051872489302,C,False,0.7249101800052615,0.8191401419576537,0.8148849014840739,0.0497145348993017,4.542427740360925,3.0553077144918754,0.38261484044952243,70.263671875,78.90625,40465,293.05897000000186,1e46d3aa028fdc8363e3e90329dc36038fc38d1e445ef60738f9ba253b016668
31,110,TRIAL_0110_TIT_INC,0.7556733720410878,C,False,0.7200498075080652,0.8247665132690682,0.8123158082801674,0.050180472724885794,4.573737972907084,3.082436788549108,0.4456200359655026,60.888671875,69.912109375,28113,219.72717360000388,8676595a7a93569bc7dd8562e2f2ff84849d71f01e8441fb915aff58f39e839e
32,108,TRIAL_0108_TIT_INC,0.7528407676261495,C,False,0.7151221776374945,0.8254447209527497,0.8150905550574432,0.05375010747916442,4.534197822970752,2.963434025594356,0.45338732568395884,74.853515625,79.6484375,40465,389.58295380000345,9668163be01a0748271303c5c32210652d04e140496d637e0233fea335bb2ee1
33,98,TRIAL_0098_TIT_INC,0.7492547691328482,C,False,0.7089127460567695,0.8273084245337339,0.8130313526590107,0.05588541127234673,4.5573321611476105,3.019985164656344,0.6603669864512287,83.49609375,85.908203125,35409,1791.049675100001,65ddea5907b0b75d3cd0db8b78a73e7f1f17397b373cff19696aa3f5b7397d81
34,70,TRIAL_0070_TIT_INC,0.7486810345320841,C,False,0.7085284946128262,0.8266178665601647,0.8087320706235863,0.05294629266019669,4.613947557766765,3.0760929849585184,0.4927313633120362,81.34765625,86.23046875,89937,586.6426805000001,cf0a843ca79c7b28d6ae1db0d8c51a19ee1388ac0389b59dd8acd437a4249b09
35,67,TRIAL_0067_TIT_INC,0.7481664075782676,C,False,0.7106020394723512,0.8208695449202214,0.8048118390529686,0.04936863486506508,4.669149782225217,3.111041322540447,0.5314193515916333,81.005859375,85.537109375,54145,500.44705220000014,8ed319c5b9d7b346dd877450dd2a63c7394f504f300100deb1d4656e81c4e2d1
36,41,TRIAL_0041_TIT_INC,0.7478449416423396,C,False,0.7114877974032757,0.8172296618527498,0.810934771435868,0.05310112499037564,4.589720616695239,3.0382992697873457,0.5778995981543261,76.7578125,83.779296875,11505,763.4281489999703,ef9510b9857c1f15285bd484e469e78f4984fab73df6b99b457431b4c1b84488
37,73,TRIAL_0073_TIT_INC,0.7463686520864093,C,False,0.7011335019328429,0.8344369592099085,0.8112667768783737,0.057692145241062816,4.5751542047537095,3.034709497353748,0.6192232408911968,73.53515625,81.09375,101201,1669.2190968000014,bae1ee24635cd4afca3c43d0a0a22c35b4eaa53a529457b0d03245742bae592e
38,117,TRIAL_0117_TIT_INC,0.7462971138791705,C,False,0.7104827321803391,0.8159747085071083,0.7969770746255845,0.044826454437238546,4.7722615170393246,3.2640013218813464,0.7956284658120844,81.8359375,91.953125,15665,287.51335310000286,44950b3272a95fa4f0d4e3f1e6891c8b40120db134594aaba5ab0e70f82bce2a
39,30,TRIAL_0030_TIT_INC,0.7460432386966712,C,False,0.7032461197181372,0.8289348266776131,0.8107649702211475,0.05661378159609742,4.584528956651302,2.9963582265194413,0.4274067354334126,72.4609375,76.38671875,32929,5043.855067000011,a956f40d1e078cca5be1315449a50357ad7b4686b29a192186ae44ef90fc5cf1
40,100,TRIAL_0100_TIT_INC,0.7450247008080128,C,False,0.7026300030831486,0.8264772343664535,0.811451511848543,0.056416225366667336,4.5776860741102485,3.0094064788118695,0.6125077296552585,71.630859375,79.98046875,59457,287.0897987999979,8a5dc6dcb5b02c35118ed2c1ab2bc6641edf7841f0ae473d6e10d0023a85ee28
41,112,TRIAL_0112_TIT_INC,0.7443679041336961,C,False,0.7029040912614475,0.8241095565355345,0.8108028142574369,0.05687699009576484,4.584276380442952,2.9898540714739994,0.5535135208217479,84.08203125,86.474609375,63121,637.3904126000016,c1f592fae19d5bac16154b43cd843a7300630c193c308eb0f403dbe60284f83c
42,92,TRIAL_0092_TIT_INC,0.7439976886596306,C,False,0.7088380651331637,0.8125946145558814,0.7976888712234376,0.04852421909375803,4.759832453282405,3.2135862083985933,0.5381114235170785,82.03125,90.78125,35329,430.09589620000406,adaf666d34fc6d7f76101e21343b15c056ff9b3004a8faa77b8c67569f6ce109
43,90,TRIAL_0090_TIT_INC,0.7437272736520798,C,False,0.7069779455321852,0.8140167824132339,0.8044982877899123,0.051143571701927064,4.672657551669005,3.1375745178178494,0.3775690662785407,81.8359375,86.89453125,33537,184.8528198999993,5cb1d9e0939863c4ece5da995a95f38c10291dda4bd6607082310495c781ed2d
44,109,TRIAL_0109_TIT_INC,0.7436657303543555,C,False,0.700334332015758,0.827173916426956,0.8115502674155046,0.05842070524736586,4.57412005399654,3.0402214281569275,0.3520089974115766,70.556640625,77.666015625,65457,310.243789499993,3583ad29211ed62b91d2f70e80edc9dbb155280f6518a808f5844a2c0743b18f
45,31,TRIAL_0031_TIT_INC,0.7436202854974026,C,False,0.7096974545159264,0.8095326822020543,0.8020644565002508,0.05264437522794639,4.701970432099737,3.0476886952969173,0.5827247316271053,82.421875,88.65234375,25921,722.8032489999896,faff853f07ca3600a21ce48776b1996b97a60aef5affed0eec41d1b794d397a3
46,101,TRIAL_0101_TIT_INC,0.7429820374676995,C,False,0.6990385385408504,0.8272843716515077,0.8128213143735235,0.05908528589615354,4.555777754680377,3.0120488726641765,0.38349924852925354,76.7578125,82.59765625,51505,597.3363031000026,0de50349ae403f53a2395597ebfae27d1b47e351077356bcf04e0f0cfcb36517
47,56,TRIAL_0056_TIT_INC,0.7399160432948629,C,False,0.6990530924243291,0.8186371728245218,0.80175839729056,0.052828037361471396,4.702158048003126,3.190758375565901,0.7463892189083348,75.0,83.76953125,55201,2102.6575605999997,69aaf2901e00f2667147a95b553b4e40fa751bd5899d1114d549922a131d5c92
48,44,TRIAL_0044_TIT_INC,0.7394216451106902,C,False,0.6961317889084275,0.8232548922987648,0.8061121867339353,0.058451145973892796,4.637678670799197,3.124549679397076,0.634868064845796,62.01171875,77.8125,28017,7848.316511999976,8c67b18d3e666c9430329e13588ec4bc0146f3db9cb315712db3752b64f5e9cd
49,102,TRIAL_0102_TIT_INC,0.7392567304763018,C,False,0.6973260872616769,0.8202578233691007,0.803953751775008,0.05611644068935291,4.670225322218604,3.112329412338294,0.7348263869000211,78.7109375,83.30078125,21057,324.4217532999992,c5485f26813803f97ded4f63e74eef0d4551268f1f4d2c82d1c1eebcd7c409a8
50,99,TRIAL_0099_TIT_INC,0.7392488478098902,C,False,0.6922479500039498,0.8302289449213841,0.8108440149343394,0.06253007162328902,4.575171689695768,3.05813296885932,0.4809092757050523,82.91015625,85.25390625,62849,353.1592208000038,01f0d0bea5552e41a6de72c5a5174dcd04cd4577c40360b6454bd9e571112ed5
51,42,TRIAL_0042_TIT_INC,0.7386769157084466,C,False,0.7044806797715439,0.804893609009689,0.7965904776108929,0.051386226184756516,4.766671010576667,3.2193446627310407,0.6766684275220725,79.98046875,87.03125,5489,288.7920557000034,b6c96bb0e593588c1c2938d51e9954aa747dce115a21a1869ed51218c0d01b04
52,72,TRIAL_0072_TIT_INC,0.7373611784514065,C,False,0.6948179710046505,0.8193684757153963,0.804376361755974,0.0577778304160017,4.661714854778917,3.1397388698890794,0.3829233460500508,72.65625,78.046875,136161,536.467875100001,1f71723125d485369c716642fdbfe8c60a47ec2fe79a62cc986aeca3fa565f0e
53,40,TRIAL_0040_TIT_INC,0.7369430311300209,C,False,0.6864483341724062,0.8344627879498776,0.8132718681972124,0.06591992578107408,4.53707854692861,3.0010315216164973,0.6284004435186951,85.546875,91.767578125,35249,690.507938499999,dbbec4a7a300ae69c9acc17916144b5470687d1e18cfb6052e9342d98b9d7661
54,14,TRIAL_0014_TIT_INC,0.7367057378412575,C,False,0.6933566877446081,0.819737199466413,0.8097108653582714,0.06200521181258467,4.588794443026385,3.0217249716083896,0.5877655354888796,79.931640625,90.05859375,23329,985.5025148000132,86e1007a83039f12760eeb3bd18b78c005aca235f33d601f3df4f4333288dc0f
55,59,TRIAL_0059_TIT_INC,0.7362151688273957,C,False,0.690560419891265,0.8242842213630672,0.8057023434463249,0.059765838609160155,4.641746850711556,3.0045062771718074,0.4753308872752967,71.142578125,75.048828125,79169,352.05087710000134,92e6aecdbc4b98f16cae8113865c68aa40407b4644534931b0b4635943aefaa4
56,89,TRIAL_0089_TIT_INC,0.7350800090330428,C,False,0.6923292738490359,0.8173447118603961,0.8022728119843758,0.05748250032935101,4.6889275165065,3.04006623168564,0.6740249792015586,93.212890625,95.46875,93009,291.58220319999964,3e0cbeff3613b4eac056782104fc616d56750df39aabe1396e71c0a74903f036
57,81,TRIAL_0081_TIT_INC,0.7341085726405565,C,False,0.6887738489855222,0.8214123006779113,0.8048545890462003,0.06064885858750147,4.652224504946041,3.031712028554327,0.6865062855572365,94.04296875,96.09375,119681,378.9003236999961,8fbb755f3e51bb92143f463dcf47eb917069fe5c79217f038c33d5bba38dd4a2
58,58,TRIAL_0058_TIT_INC,0.733849627573563,C,False,0.6886537243829629,0.821721339679952,0.7996083039033735,0.05819839350537698,4.725149244839562,3.207383059443172,0.7388634054463123,74.31640625,82.67578125,55201,2554.2076777000007,2018575c3b3e70e99dd7d252129ee97c35d13fe0832b997c50c8e6997ea8b0dc
59,96,TRIAL_0096_TIT_INC,0.7330833626699926,C,False,0.6930257697190935,0.8104842762939016,0.7986133140826797,0.057387134579018506,4.734356754160825,3.129726776348268,0.6053014698970359,89.74609375,93.447265625,76513,374.39289519999875,6a67adc50c2eed569853a00a9b0fa348877c8a0b8d94fde4771459cf7ee79ce8
60,61,TRIAL_0061_TIT_INC,0.7324965495513693,C,False,0.690887245297992,0.8141987098933531,0.7934250236836371,0.05637912963795471,4.794246726971208,3.204315361480903,0.6897299753156024,75.0,82.060546875,72529,3881.4885538,bbf46b829bb75cddb6790b0e07a1b892056030de6c192c495343a5726eee13fb
61,48,TRIAL_0048_TIT_INC,0.7316603957552779,C,False,0.6835208093591274,0.8243891592886502,0.8051101419564393,0.06279851842437657,4.645764904386293,3.0893507526206445,0.6398137787388022,74.560546875,84.00390625,23265,1701.2208486999998,8a855f3b55ed316b2c93448e449db65e4d65544c6b6effbf669d99ce15e16556
62,54,TRIAL_0054_TIT_INC,0.7310128142121044,C,False,0.696973982602843,0.7971270669564041,0.7887777055447165,0.05187465990994309,4.859828677190062,3.3002222115166355,0.8031570858729676,82.568359375,89.4140625,14193,1551.9690796,7c6e4756f7d01e7e98ce39936c060d6cd7b64fe50a5f3c2f9a91709cf3487ae2
63,71,TRIAL_0071_TIT_INC,0.7296902930701485,C,False,0.6778261041327305,0.8306017573449281,0.8040906361741023,0.06594960230378343,4.651677313826353,3.0920903071433847,0.16650498601849648,83.056640625,87.05078125,31409,296.20011989999875,0cc1bb70bf8f590c4690b6e53dcda5e9a2c840af714fe6de283c7880610f5b23
64,103,TRIAL_0103_TIT_INC,0.7292861606089349,C,False,0.6796341100488268,0.825205560496763,0.8053912197086726,0.06595095540257429,4.634304437663049,3.116995170727836,0.6947112657486715,83.203125,86.083984375,29633,2399.064674999998,46ea37b4300888cc0fc15eb2cfb01cfbb80a485825da8ac7d018838cb31f2da7
65,75,TRIAL_0075_TIT_INC,0.7291616733030256,C,False,0.6791872033260538,0.8252142846004901,0.8061538838105168,0.06530322453805291,4.628999089941211,3.0554922092280696,0.600386020489562,72.265625,82.6171875,35409,2457.6478783000002,33b04e1897baf62132fec7cb48c5ff3fb4cafe1e48cc67e50d317ade19e2f674
66,65,TRIAL_0065_TIT_INC,0.7285128617664545,C,False,0.6768900416018204,0.828019373568815,0.8069961878448936,0.06726594049771746,4.612532450079196,3.0597909374828967,0.4615635905028682,71.533203125,76.23046875,104129,317.23114520000127,f91de963e57e8bff757dbe40054fe86a0efe90bb3449b31a7d01fd524a08ad01
67,32,TRIAL_0032_TIT_INC,0.7279060925763919,C,False,0.6835534288604288,0.8133168695069475,0.7991371729457002,0.06134742886519633,4.7199191016828275,3.001919076688332,0.5500352855184054,61.376953125,71.40625,90657,550.5277566000004,70b2ab0a6466b86ff445067bbadf1b481c2b5faac6dc0c716e97c661871b3a44
68,91,TRIAL_0091_TIT_INC,0.7250438718864268,C,False,0.6767078066172458,0.8182246471812261,0.7985854026860377,0.06306746506892369,4.726180146709677,3.0713165303922727,0.4704204592844549,85.15625,89.384765625,79633,121.97150150000198,5e46d12b03b4597d6384be7752cd286960e32917f8cdf2af616b676c1c703572
69,119,TRIAL_0119_TIT_INC,0.7230616817588292,C,False,0.6747753827740608,0.8158466533544722,0.7982920031274504,0.06386744224693766,4.728584238952951,3.117554154734443,0.441346437449363,75.927734375,81.376953125,41505,350.24439619999976,0567cbc8c2315d351943e1044acc19ee9c136520d13bf561d1d28ffd98bd11ec
70,74,TRIAL_0074_TIT_INC,0.722152607620568,C,False,0.6754411955053803,0.8118479876760104,0.79787744454049,0.06454250439512259,4.7315651299840225,3.1848801455339193,0.5418288689219025,54.931640625,65.087890625,153633,520.182596900002,4a3b47c19b7242968fa8bef1dbaab5a79e2e96905189c16458f4ba6b1a76fa34
71,36,TRIAL_0036_TIT_INC,0.7220044833920342,C,False,0.6672066219996926,0.8287716186491225,0.8019784642802368,0.07148821830541892,4.671903386911043,3.048327769736694,0.5631517358003155,82.861328125,88.994140625,63825,644.8584902000148,969b9c822e11e8f8fdb06832d1d8ba02b93aa52ad1cc15bc8e5544f96f3e60c3
72,52,TRIAL_0052_TIT_INC,0.7217836196762444,C,False,0.6735721956412516,0.8150012775286535,0.7942007796067145,0.06280158927774109,4.779202909466217,3.196786798040471,0.572232457392981,56.005859375,63.837890625,169281,4024.7558802999997,09b823d0a30b5a4dec9eee6eb1c0a22623234bf9a57bfc37ce8f089bc21c612e
73,76,TRIAL_0076_TIT_INC,0.7187029305298248,C,False,0.6724296479802181,0.8079515595143462,0.7938246138582971,0.06522787498439597,4.779457374483176,3.181836553419205,0.5625441785365874,83.88671875,89.453125,96769,378.4491512000004,4494273b0d0d8ad039a49a6cf473bd6c79499d14de8ddd10e3a8856f23f56a2a
74,33,TRIAL_0033_TIT_INC,0.7125589681601877,C,False,0.6579221422533083,0.8184788843373662,0.7920969153576723,0.06947674028774307,4.794657016391832,3.155291012957824,0.5937031691139982,73.095703125,76.62109375,29569,1885.83931760001,28c5ead5fa6615d65adc190f4bb4719cc9e8b21d80ed917593b0384937d931b8
75,55,TRIAL_0055_TIT_INC,0.6980780008239232,C,False,0.6534333599058748,0.7851869429222406,0.7713823902129144,0.06676337017565252,5.034142851755753,3.3240326036629093,0.9592463117664496,89.599609375,94.560546875,10369,1496.5637798999999,c5cad28e5cc8677f0ba2b60d24f494b6e51e51e107a44ce477bf95779bfbedd6
76,11,TRIAL_0011_TIT_INC,0.6618596181889665,C,False,0.6272837424315028,0.7323586442471605,0.710394087310559,0.052576292751390155,5.707262053082661,3.8931981138051936,0.5205479338988405,92.138671875,93.046875,138401,974.3195789999882,32e992df2e437100bfae4fc4b94a5267d3c39b35b7656a74542cf2045c8ff31b
77,15,TRIAL_0015_TIT_INC,0.5946275994878247,C,False,0.5559275993943644,0.6791797601576394,0.6507299392978789,0.07755882125873596,6.254158732598195,4.3505143691094785,1.0073050177583946,85.107421875,91.279296875,71619,288.1485462000128,b4954eed13db9d98b2a109ed6c26be3b1570d2a3d3609654a91b6dc76447d6f8
78,29,TRIAL_0029_TIT_INC,0.4683991253401542,C,False,0.4402360206443279,0.5302060099660791,0.51652819340307,0.06457109376573306,7.385441594563284,5.248334875606771,0.6164962648396107,66.552734375,74.580078125,18657,2037.6628041999793,fbb0e46e546ce0b362974c0a78ddaa4d50c1c4d7302bca7306b8322e4438061e
79,17,TRIAL_0017_TIT_INC,0.02284453075893894,C,False,-0.09896110503106792,0.27174775636371507,0.20085160846523595,0.19388293978058413,9.468698232510377,7.4572668331460745,5.379671150994616,90.52734375,92.744140625,29571,754.1246820999804,8873fa44a948a0e996f1d8aa720c7b15ad9e4e6fe0210a479c059325f9a04296
80,4,TRIAL_0004_TIT_INC,-0.011327277051995432,C,False,-0.12066521922472462,0.2125448527120687,0.15546377241242196,0.1823797857202346,9.747887494120416,7.78258532110128,5.250708068280368,70.166015625,76.259765625,39425,102.22026149999874,91fb8dc50a9e82a95b8b6f929789951af1cf8f2cb6f6c3b51782edb7ba774693
81,9,TRIAL_0009_TIT_INC,-0.011333116130017697,C,False,-0.12067721500292783,0.2125479106530953,0.15547096064893012,0.18238256389082605,9.74784418466273,7.7825132533077355,5.251096256353698,70.166015625,76.26953125,39425,114.12001410000084,306685c5babb129e22c9d515759781afd79d5a5970028dc46f8cfcdf0fa8f64a
82,23,TRIAL_0023_TIT_INC,-0.06888722223892978,C,False,-0.1128539719548356,0.01749274587884231,0.01903311211658838,0.08325974041339952,10.550835812072853,8.024969012375312,1.8600545731648679,48.095703125,50.83984375,59665,400.62920139999187,ab61e03ed6b41e4f98718ac17a71c4fb69ba5534c2fe9b7c3a8d9e207e2f0e1b
83,19,TRIAL_0019_TIT_INC,-0.10676688287725145,C,False,-0.13817315295556076,-0.046205439175518004,-0.03923643987917447,0.0607771536334214,10.855449221556466,8.298557413989283,1.7736725718838613,46.09375,49.794921875,49763,974.9337060000253,899fee8a80d155fc122dec964aa563f59cbcb912f26fb58e390bc58a19789694
84,24,TRIAL_0024_TIT_INC,-0.13537071774685813,C,False,-0.19355011500822594,-0.014340583863005074,-0.07178905381000052,0.07759568202021011,11.0244037649981,8.674265741700019,2.355444952098703,47.94921875,49.39453125,20449,85.31406119999883,12fb76ce0e75e6802f47dc56ff9c0ff01ab495524b3c18183434430b22b53c5b
85,28,TRIAL_0028_TIT_INC,-0.14734081867996596,C,False,-0.26159791185328296,0.08623709841491434,-0.00947773970254102,0.15305427122216356,10.679762199857283,8.587796940970627,3.7876891358688525,65.478515625,69.189453125,48643,240.06259119999595,2a26542deaf52ee7b5d1efdb80914430638710724f7c9c71b3b8fb3738276df3
86,8,TRIAL_0008_TIT_INC,-0.1946178561525141,C,False,-0.28915455398628587,-0.0007819181637280792,-0.0910550719174367,0.11785041119880497,11.114520268275504,8.796950852392829,2.0549134715933266,47.75390625,49.677734375,65395,259.6656304000062,b26b0cffe915d93ac21a00db5cb3e4bad0b5983082991b2ce17ebe6595ac5372
87,3,TRIAL_0003_TIT_INC,-0.19472795619759137,C,False,-0.28932756795356074,-0.0007743759161664698,-0.09108412586222929,0.11790690064382059,11.114653551432019,8.797070376480413,2.0555816798485393,47.75390625,49.677734375,65395,215.0216839999921,fee895d4e2452a254693c9b19d07438e90748b5e0712516e482ffddc36e1d36e
